Entry ID,PDB ID,Resolution (Ã…),Ligand Formula,Ligand MW,Ligand ID,Ligand Name
1SH9,1SH9,2.5,C37 H48 N6 O5 S2,720.944,RIT,RITONAVIR
2AQU,2AQU,2,C38 H52 N6 O7,704.855,DR7,"(3S,8S,9S,12S)-3,12-BIS(1,1-DIMETHYLETHYL)-8-HYDROXY-4,11-DIOXO-9-(PHENYLMETHYL)-6-[[4-(2-PYRIDINYL)PHENYL]METHYL]-2,5,
6,10,13-PENTAAZATETRADECANEDIOIC ACID DIMETHYL ESTER"
4NJV,4NJV,1.8,C37 H48 N6 O5 S2,720.944,RIT,RITONAVIR
3NDW,3NDW,1.14,C37 H48 N6 O5 S2,720.944,RIT,RITONAVIR
,,,C2 H6 O S,78.133,DMS,DIMETHYL SULFOXIDE
,,,O4 S,96.063,SO4,SULFATE ION
,,,Na,22.99,NA,SODIUM ION
,,,C2 H3 O2,59.044,ACT,ACETATE ION
1N49,1N49,2.2,C37 H48 N6 O5 S2,720.944,RIT,RITONAVIR
3NDX,3NDX,1.03,C37 H48 N6 O5 S2,720.944,RIT,RITONAVIR
,,,C2 H6 O S,78.133,DMS,DIMETHYL SULFOXIDE
,,,C3 H8 O3,92.094,GOL,GLYCEROL
,,,Cl,35.453,CL,CHLORIDE ION
,,,O4 S,96.063,SO4,SULFATE ION
3Q70,3Q70,1.4,C37 H48 N6 O5 S2,720.944,RIT,RITONAVIR
,,,Zn,65.409,ZN,ZINC ION
,,,C6 H14 O2,118.174,MRD,"(4R)-2-METHYLPENTANE-2,4-DIOL"
3TNE,3TNE,2.4,C37 H48 N6 O5 S2,720.944,RIT,RITONAVIR
4EYR,4EYR,1.8,C37 H48 N6 O5 S2,720.944,RIT,RITONAVIR
5VEU,5VEU,2.91,C34 H32 Fe N4 O4,616.487,HEM,PROTOPORPHYRIN IX CONTAINING FE
,,,C37 H48 N6 O5 S2,720.944,RIT,RITONAVIR
1RL8,1RL8,2,C37 H48 N6 O5 S2,720.944,RIT,RITONAVIR
1HXW,1HXW,1.8,C37 H48 N6 O5 S2,720.944,RIT,RITONAVIR
3NXU,3NXU,2,C2 H6 O S,78.133,DMS,DIMETHYL SULFOXIDE
,,,C34 H32 Fe N4 O4,616.487,HEM,PROTOPORPHYRIN IX CONTAINING FE
,,,C37 H48 N6 O5 S2,720.944,RIT,RITONAVIR
5VC0,5VC0,2.7,C34 H32 Fe N4 O4,616.487,HEM,PROTOPORPHYRIN IX CONTAINING FE
,,,C37 H48 N6 O5 S2,720.944,RIT,RITONAVIR
5VCE,5VCE,2.2,C34 H32 Fe N4 O4,616.487,HEM,PROTOPORPHYRIN IX CONTAINING FE
,,,C37 H48 N6 O5 S2,720.944,RIT,RITONAVIR
3S53,3S53,1.5,C27 H37 N3 O7 S,547.664,17,"(3R,3AS,6AR)-HEXAHYDROFURO[2,3-B]FURAN-3-YL(1S,2R)-3-[[(4-AMINOPHENYL)SULFONYL](ISOBUTYL)AMINO]-1-BENZYL-2-HYDROXYPROPYLCARBAMATE"
,,,O4 P,94.971,PO4,PHOSPHATE ION
,,,I,126.904,IOD,IODIDE ION
3OXX,3OXX,1.65,C3 H8 O3,92.094,GOL,GLYCEROL
,,,C2 H6 O2,62.068,EDO,"1,2-ETHANEDIOL"
,,,C2 H3 O2,59.044,ACT,ACETATE ION
,,,C38 H52 N6 O7,704.855,DR7,"(3S,8S,9S,12S)-3,12-BIS(1,1-DIMETHYLETHYL)-8-HYDROXY-4,11-DIOXO-9-(PHENYLMETHYL)-6-[[4-(2-PYRIDINYL)PHENYL]METHYL]-2,5,
6,10,13-PENTAAZATETRADECANEDIOIC ACID DIMETHYL ESTER"
,,,O4 P,94.971,PO4,PHOSPHATE ION
3OXW,3OXW,1.95,C27 H37 N3 O7 S,547.664,17,"(3R,3AS,6AR)-HEXAHYDROFURO[2,3-B]FURAN-3-YL(1S,2R)-3-[[(4-AMINOPHENYL)SULFONYL](ISOBUTYL)AMINO]-1-BENZYL-2-HYDROXYPROPYLCARBAMATE"
,,,O4 P,94.971,PO4,PHOSPHATE ION
,,,C2 H3 O2,59.044,ACT,ACETATE ION
,,,C2 H6 O2,62.068,EDO,"1,2-ETHANEDIOL"
,,,C3 H8 O3,92.094,GOL,GLYCEROL
3PRS,3PRS,1.38,C37 H48 N6 O5 S2,720.944,RIT,RITONAVIR
,,,C2 H6 O S,78.133,DMS,DIMETHYL SULFOXIDE
,,,C10 H22 O6,238.278,1PE,PENTAETHYLENE GLYCOL
,,,C6 H14 O4,150.173,PGE,TRIETHYLENE GLYCOL
,,,C3 H8 O3,92.094,GOL,GLYCEROL
2O4K,2O4K,1.6,Cl,35.453,CL,CHLORIDE ION
,,,C38 H52 N6 O7,704.855,DR7,"(3S,8S,9S,12S)-3,12-BIS(1,1-DIMETHYLETHYL)-8-HYDROXY-4,11-DIOXO-9-(PHENYLMETHYL)-6-[[4-(2-PYRIDINYL)PHENYL]METHYL]-2,5,
6,10,13-PENTAAZATETRADECANEDIOIC ACID DIMETHYL ESTER"
2B60,2B60,2.2,C3 H8 O3,92.094,GOL,GLYCEROL
,,,C37 H48 N6 O5 S2,720.944,RIT,RITONAVIR
3S45,3S45,1.51,Na,22.99,NA,SODIUM ION
,,,Cl,35.453,CL,CHLORIDE ION
,,,C3 H5 N2,69.085,IMD,IMIDAZOLE
,,,Zn,65.409,ZN,ZINC ION
,,,C25 H35 N3 O6 S,505.627,478,{3-[(4-AMINO-BENZENESULFONYL)-ISOBUTYL-AMINO]-1-BENZYL-2-HYDROXY-PROPYL}-CARBAMIC ACID TETRAHYDRO-FURAN-3-YL ESTER
3SO9,3SO9,2.87,C27 H37 N3 O7 S,547.664,17,"(3R,3AS,6AR)-HEXAHYDROFURO[2,3-B]FURAN-3-YL(1S,2R)-3-[[(4-AMINOPHENYL)SULFONYL](ISOBUTYL)AMINO]-1-BENZYL-2-HYDROXYPROPYLCARBAMATE"
2O4S,2O4S,1.54,Cl,35.453,CL,CHLORIDE ION
,,,C37 H48 N4 O5,628.801,AB1,"N-{1-BENZYL-4-[2-(2,6-DIMETHYL-PHENOXY)-ACETYLAMINO]-3-HYDROXY-5-PHENYL-PENTYL}-3-METHYL-2-(2-OXO-TETRAHYDRO-PYRIMIDIN-1-YL)-BUTYRAMIDE"
,,,C3 H8 O3,92.094,GOL,GLYCEROL
5KAO,5KAO,1.8,C29 H39 Cl N2 O9 S,627.146,G43,"[(3~{a}~{S},4~{R},6~{a}~{R})-2,3,3~{a},4,5,6~{a}-hexahydrofuro[2,3-b]furan-4-yl] ~{N}-[(2~{S},3~{R})-1-(3-chloranyl-4-methoxy-phenyl)-4-[(4-methoxyphenyl)sulfonyl-(2-methylpropyl)amino]-3-oxidanyl-butan-2-yl]carbamate"
3PWM,3PWM,1.46,Cl,35.453,CL,CHLORIDE ION
,,,C2 H3 O2,59.044,ACT,ACETATE ION
,,,Na,22.99,NA,SODIUM ION
,,,C27 H37 N3 O7 S,547.664,17,"(3R,3AS,6AR)-HEXAHYDROFURO[2,3-B]FURAN-3-YL(1S,2R)-3-[[(4-AMINOPHENYL)SULFONYL](ISOBUTYL)AMINO]-1-BENZYL-2-HYDROXYPROPYLCARBAMATE"
3S54,3S54,1.42,Na,22.99,NA,SODIUM ION
,,,Cl,35.453,CL,CHLORIDE ION
,,,C27 H37 N3 O7 S,547.664,17,"(3R,3AS,6AR)-HEXAHYDROFURO[2,3-B]FURAN-3-YL(1S,2R)-3-[[(4-AMINOPHENYL)SULFONYL](ISOBUTYL)AMINO]-1-BENZYL-2-HYDROXYPROPYLCARBAMATE"
,,,C3 H8 O3,92.094,GOL,GLYCEROL
,,,C2 H3 O2,59.044,ACT,ACETATE ION
3OXV,3OXV,1.75,C25 H35 N3 O6 S,505.627,478,{3-[(4-AMINO-BENZENESULFONYL)-ISOBUTYL-AMINO]-1-BENZYL-2-HYDROXY-PROPYL}-CARBAMIC ACID TETRAHYDRO-FURAN-3-YL ESTER
,,,O4 P,94.971,PO4,PHOSPHATE ION
,,,C3 H8 O3,92.094,GOL,GLYCEROL
,,,C2 H3 O2,59.044,ACT,ACETATE ION
,,,O4 S,96.063,SO4,SULFATE ION
3D20,3D20,1.05,Na,22.99,NA,SODIUM ION
,,,Cl,35.453,CL,CHLORIDE ION
,,,C27 H37 N3 O7 S,547.664,17,"(3R,3AS,6AR)-HEXAHYDROFURO[2,3-B]FURAN-3-YL(1S,2R)-3-[[(4-AMINOPHENYL)SULFONYL](ISOBUTYL)AMINO]-1-BENZYL-2-HYDROXYPROPYLCARBAMATE"
3S56,3S56,1.88,C38 H50 N6 O5,670.841,ROC,"(2S)-N-[(2S,3R)-4-[(2S,3S,4aS,8aS)-3-(tert-butylcarbamoyl)-3,4,4a,5,6,7,8,8a-octahydro-1H-isoquinolin-2-yl]-3-hydroxy-1
-phenyl-butan-2-yl]-2-(quinolin-2-ylcarbonylamino)butanediamide"
,,,C2 H3 O2,59.044,ACT,ACETATE ION
4NJU,4NJU,1.8,C31 H33 F3 N2 O5 S,602.664,TPV,"N-(3-{(1R)-1-[(6R)-4-HYDROXY-2-OXO-6-PHENETHYL-6-PROPYL-5,6-DIHYDRO-2H-PYRAN-3-YL]PROPYL}PHENYL)-5-(TRIFLUOROMETHYL)-2-PYRIDINESULFONAMIDE"
3D1Z,3D1Z,1.3,Cl,35.453,CL,CHLORIDE ION
,,,C27 H37 N3 O7 S,547.664,17,"(3R,3AS,6AR)-HEXAHYDROFURO[2,3-B]FURAN-3-YL(1S,2R)-3-[[(4-AMINOPHENYL)SULFONYL](ISOBUTYL)AMINO]-1-BENZYL-2-HYDROXYPROPYLCARBAMATE"
,,,C2 H4 O2,60.052,ACY,ACETIC ACID
1SGU,1SGU,1.9,C36 H47 N5 O4,613.789,MK1,"N-[2(R)-HYDROXY-1(S)-INDANYL]-5-[(2(S)-TERTIARY
BUTYLAMINOCARBONYL)-4(3-PYRIDYLMETHYL)PIPERAZINO]-4(S)-HYDROXY-2(R)-PHENYLMETHYLPENTANAMIDE"
3LZU,3LZU,1.76,C2 H3 O2,59.044,ACT,ACETATE ION
,,,C27 H37 N3 O7 S,547.664,17,"(3R,3AS,6AR)-HEXAHYDROFURO[2,3-B]FURAN-3-YL(1S,2R)-3-[[(4-AMINOPHENYL)SULFONYL](ISOBUTYL)AMINO]-1-BENZYL-2-HYDROXYPROPYLCARBAMATE"
3LZV,3LZV,2.15,C27 H37 N3 O7 S,547.664,17,"(3R,3AS,6AR)-HEXAHYDROFURO[2,3-B]FURAN-3-YL(1S,2R)-3-[[(4-AMINOPHENYL)SULFONYL](ISOBUTYL)AMINO]-1-BENZYL-2-HYDROXYPROPYLCARBAMATE"
,,,O4 P,94.971,PO4,PHOSPHATE ION
,,,C2 H3 O2,59.044,ACT,ACETATE ION
6DJ1,6DJ1,1.26,Na,22.99,NA,SODIUM ION
,,,Cl,35.453,CL,CHLORIDE ION
,,,C37 H48 N4 O5,628.801,AB1,"N-{1-BENZYL-4-[2-(2,6-DIMETHYL-PHENOXY)-ACETYLAMINO]-3-HYDROXY-5-PHENYL-PENTYL}-3-METHYL-2-(2-OXO-TETRAHYDRO-PYRIMIDIN-1-YL)-BUTYRAMIDE"
6DJ2,6DJ2,1.36,Na,22.99,NA,SODIUM ION
,,,Cl,35.453,CL,CHLORIDE ION
,,,C37 H48 N4 O5,628.801,AB1,"N-{1-BENZYL-4-[2-(2,6-DIMETHYL-PHENOXY)-ACETYLAMINO]-3-HYDROXY-5-PHENYL-PENTYL}-3-METHYL-2-(2-OXO-TETRAHYDRO-PYRIMIDIN-1-YL)-BUTYRAMIDE"
3S43,3S43,1.26,C25 H35 N3 O6 S,505.627,478,{3-[(4-AMINO-BENZENESULFONYL)-ISOBUTYL-AMINO]-1-BENZYL-2-HYDROXY-PROPYL}-CARBAMIC ACID TETRAHYDRO-FURAN-3-YL ESTER
,,,I,126.904,IOD,IODIDE ION
,,,C3 H8 O3,92.094,GOL,GLYCEROL
6PJB,6PJB,1.984,O4 S,96.063,SO4,SULFATE ION
,,,C37 H48 N4 O5,628.801,AB1,"N-{1-BENZYL-4-[2-(2,6-DIMETHYL-PHENOXY)-ACETYLAMINO]-3-HYDROXY-5-PHENYL-PENTYL}-3-METHYL-2-(2-OXO-TETRAHYDRO-PYRIMIDIN-1-YL)-BUTYRAMIDE"
5V4Y,5V4Y,1.9,C30 H40 N2 O8 S,588.712,8FM,"(3S,3aR,5R,7aS,8S)-hexahydro-4H-3,5-methanofuro[2,3-b]pyran-8-yl [(2S,3R)-3-hydroxy-4-{[(4-methoxyphenyl)sulfonyl](2-methylpropyl)amino}-1-phenylbutan-2-yl]carbamate"
3LZS,3LZS,1.95,C27 H37 N3 O7 S,547.664,17,"(3R,3AS,6AR)-HEXAHYDROFURO[2,3-B]FURAN-3-YL(1S,2R)-3-[[(4-AMINOPHENYL)SULFONYL](ISOBUTYL)AMINO]-1-BENZYL-2-HYDROXYPROPYLCARBAMATE"
,,,C2 H3 O2,59.044,ACT,ACETATE ION
3EM6,3EM6,2.1,C27 H37 N3 O7 S,547.664,17,"(3R,3AS,6AR)-HEXAHYDROFURO[2,3-B]FURAN-3-YL(1S,2R)-3-[[(4-AMINOPHENYL)SULFONYL](ISOBUTYL)AMINO]-1-BENZYL-2-HYDROXYPROPYLCARBAMATE"
,,,O4 P,94.971,PO4,PHOSPHATE ION
,,,C2 H3 O2,59.044,ACT,ACETATE ION
4NJT,4NJT,1.95,C27 H37 N3 O7 S,547.664,17,"(3R,3AS,6AR)-HEXAHYDROFURO[2,3-B]FURAN-3-YL(1S,2R)-3-[[(4-AMINOPHENYL)SULFONYL](ISOBUTYL)AMINO]-1-BENZYL-2-HYDROXYPROPYLCARBAMATE"
3CYW,3CYW,1.4,Cl,35.453,CL,CHLORIDE ION
,,,C27 H37 N3 O7 S,547.664,17,"(3R,3AS,6AR)-HEXAHYDROFURO[2,3-B]FURAN-3-YL(1S,2R)-3-[[(4-AMINOPHENYL)SULFONYL](ISOBUTYL)AMINO]-1-BENZYL-2-HYDROXYPROPYLCARBAMATE"
,,,C3 H8 O3,92.094,GOL,GLYCEROL
3OGQ,3OGQ,1.8,C37 H48 N4 O5,628.801,AB1,"N-{1-BENZYL-4-[2-(2,6-DIMETHYL-PHENOXY)-ACETYLAMINO]-3-HYDROXY-5-PHENYL-PENTYL}-3-METHYL-2-(2-OXO-TETRAHYDRO-PYRIMIDIN-1-YL)-BUTYRAMIDE"
,,,C2 H6 O S,78.133,DMS,DIMETHYL SULFOXIDE
2IEO,2IEO,1.53,Cl,35.453,CL,CHLORIDE ION
,,,Na,22.99,NA,SODIUM ION
,,,C27 H37 N3 O7 S,547.664,17,"(3R,3AS,6AR)-HEXAHYDROFURO[2,3-B]FURAN-3-YL(1S,2R)-3-[[(4-AMINOPHENYL)SULFONYL](ISOBUTYL)AMINO]-1-BENZYL-2-HYDROXYPROPYLCARBAMATE"
6P9A,6P9A,1.66,O4 P,94.971,PO4,PHOSPHATE ION
,,,C27 H37 N3 O7 S,547.664,17,"(3R,3AS,6AR)-HEXAHYDROFURO[2,3-B]FURAN-3-YL(1S,2R)-3-[[(4-AMINOPHENYL)SULFONYL](ISOBUTYL)AMINO]-1-BENZYL-2-HYDROXYPROPYLCARBAMATE"
3UCB,3UCB,1.38,C27 H37 N3 O7 S,547.664,17,"(3R,3AS,6AR)-HEXAHYDROFURO[2,3-B]FURAN-3-YL(1S,2R)-3-[[(4-AMINOPHENYL)SULFONYL](ISOBUTYL)AMINO]-1-BENZYL-2-HYDROXYPROPYLCARBAMATE"
3OGP,3OGP,1.7,C27 H37 N3 O7 S,547.664,17,"(3R,3AS,6AR)-HEXAHYDROFURO[2,3-B]FURAN-3-YL(1S,2R)-3-[[(4-AMINOPHENYL)SULFONYL](ISOBUTYL)AMINO]-1-BENZYL-2-HYDROXYPROPYLCARBAMATE"
,,,C2 H6 O S,78.133,DMS,DIMETHYL SULFOXIDE
2F80,2F80,1.45,Cl,35.453,CL,CHLORIDE ION
,,,O4 S,96.063,SO4,SULFATE ION
,,,C27 H37 N3 O7 S,547.664,17,"(3R,3AS,6AR)-HEXAHYDROFURO[2,3-B]FURAN-3-YL(1S,2R)-3-[[(4-AMINOPHENYL)SULFONYL](ISOBUTYL)AMINO]-1-BENZYL-2-HYDROXYPROPYLCARBAMATE"
1T3R,1T3R,1.2,O4 P,94.971,PO4,PHOSPHATE ION
,,,C27 H37 N3 O7 S,547.664,17,"(3R,3AS,6AR)-HEXAHYDROFURO[2,3-B]FURAN-3-YL(1S,2R)-3-[[(4-AMINOPHENYL)SULFONYL](ISOBUTYL)AMINO]-1-BENZYL-2-HYDROXYPROPYLCARBAMATE"
3SPK,3SPK,1.24,C31 H33 F3 N2 O5 S,602.664,TPV,"N-(3-{(1R)-1-[(6R)-4-HYDROXY-2-OXO-6-PHENETHYL-6-PROPYL-5,6-DIHYDRO-2H-PYRAN-3-YL]PROPYL}PHENYL)-5-(TRIFLUOROMETHYL)-2-PYRIDINESULFONAMIDE"
1T7I,1T7I,1.35,O4 P,94.971,PO4,PHOSPHATE ION
,,,C2 H3 O2,59.044,ACT,ACETATE ION
,,,C27 H37 N3 O7 S,547.664,17,"(3R,3AS,6AR)-HEXAHYDROFURO[2,3-B]FURAN-3-YL(1S,2R)-3-[[(4-AMINOPHENYL)SULFONYL](ISOBUTYL)AMINO]-1-BENZYL-2-HYDROXYPROPYLCARBAMATE"
4NJS,4NJS,1.8,C28 H37 N3 O8 S,575.674,G08,"(3R,3aS,6aR)-hexahydrofuro[2,3-b]furan-3-yl [(2S,3R)-4-{[(4-carbamoylphenyl)sulfonyl](2-methylpropyl)amino}-3-hydroxy-1-phenylbutan-2-yl]carbamate"
1YT9,1YT9,3,C34 H46 N6 O6 S2,698.896,OIS,"(S)-N-((2S,3R)-3-HYDROXY-4-(4-((E)-(HYDROXYIMINO)METHYL)-N-ISOBUTYLPHENYLSULFONAMIDO)-1-PHENYLBUTAN-2-YL)-3-METHYL-2-(3
-((2-METHYLTHIAZOL-4-YL)METHYL)-2-OXOIMIDAZOLIDIN-1-YL)BUTANAMIDE"
4Q5M,4Q5M,1.795,C38 H50 N6 O5,670.841,ROC,"(2S)-N-[(2S,3R)-4-[(2S,3S,4aS,8aS)-3-(tert-butylcarbamoyl)-3,4,4a,5,6,7,8,8a-octahydro-1H-isoquinolin-2-yl]-3-hydroxy-1
-phenyl-butan-2-yl]-2-(quinolin-2-ylcarbonylamino)butanediamide"
1C6Z,1C6Z,2.5,C38 H50 N6 O5,670.841,ROC,"(2S)-N-[(2S,3R)-4-[(2S,3S,4aS,8aS)-3-(tert-butylcarbamoyl)-3,4,4a,5,6,7,8,8a-octahydro-1H-isoquinolin-2-yl]-3-hydroxy-1
-phenyl-butan-2-yl]-2-(quinolin-2-ylcarbonylamino)butanediamide"
1C6Y,1C6Y,2.5,C36 H47 N5 O4,613.789,MK1,"N-[2(R)-HYDROXY-1(S)-INDANYL]-5-[(2(S)-TERTIARY
BUTYLAMINOCARBONYL)-4(3-PYRIDYLMETHYL)PIPERAZINO]-4(S)-HYDROXY-2(R)-PHENYLMETHYLPENTANAMIDE"
1MUI,1MUI,2.8,C37 H48 N4 O5,628.801,AB1,"N-{1-BENZYL-4-[2-(2,6-DIMETHYL-PHENOXY)-ACETYLAMINO]-3-HYDROXY-5-PHENYL-PENTYL}-3-METHYL-2-(2-OXO-TETRAHYDRO-PYRIMIDIN-1-YL)-BUTYRAMIDE"
3NU4,3NU4,1.2,Na,22.99,NA,SODIUM ION
,,,Cl,35.453,CL,CHLORIDE ION
,,,C25 H35 N3 O6 S,505.627,478,{3-[(4-AMINO-BENZENESULFONYL)-ISOBUTYL-AMINO]-1-BENZYL-2-HYDROXY-PROPYL}-CARBAMIC ACID TETRAHYDRO-FURAN-3-YL ESTER
3NU9,3NU9,1.85,C25 H35 N3 O6 S,505.627,478,{3-[(4-AMINO-BENZENESULFONYL)-ISOBUTYL-AMINO]-1-BENZYL-2-HYDROXY-PROPYL}-CARBAMIC ACID TETRAHYDRO-FURAN-3-YL ESTER
,,,I,126.904,IOD,IODIDE ION
3NUJ,3NUJ,1.5,I,126.904,IOD,IODIDE ION
,,,C25 H35 N3 O6 S,505.627,478,{3-[(4-AMINO-BENZENESULFONYL)-ISOBUTYL-AMINO]-1-BENZYL-2-HYDROXY-PROPYL}-CARBAMIC ACID TETRAHYDRO-FURAN-3-YL ESTER
3NUO,3NUO,1.35,I,126.904,IOD,IODIDE ION
,,,C25 H35 N3 O6 S,505.627,478,{3-[(4-AMINO-BENZENESULFONYL)-ISOBUTYL-AMINO]-1-BENZYL-2-HYDROXY-PROPYL}-CARBAMIC ACID TETRAHYDRO-FURAN-3-YL ESTER
5YOJ,5YOJ,1.5,C41 H48 N4 O8 S,756.907,8Z0,"(4R)-N-[(2,6-dimethylphenyl)methyl]-3-[(2S,3S)-3-[[(2S)-2-[(7-methoxy-1-benzofuran-2-yl)carbonylamino]-2-[(3R)-oxolan-3
-yl]ethanoyl]amino]-2-oxidanyl-4-phenyl-butanoyl]-5,5-dimethyl-1,3-thiazolidine-4-carboxamide"
,,,C3 H8 O3,92.094,GOL,GLYCEROL
5YOK,5YOK,0.85,C41 H48 N4 O8 S,756.907,8Z0,"(4R)-N-[(2,6-dimethylphenyl)methyl]-3-[(2S,3S)-3-[[(2S)-2-[(7-methoxy-1-benzofuran-2-yl)carbonylamino]-2-[(3R)-oxolan-3
-yl]ethanoyl]amino]-2-oxidanyl-4-phenyl-butanoyl]-5,5-dimethyl-1,3-thiazolidine-4-carboxamide"
,,,C3 H8 O3,92.094,GOL,GLYCEROL
2R5P,2R5P,2.3,Cl,35.453,CL,CHLORIDE ION
,,,Na,22.99,NA,SODIUM ION
,,,C36 H47 N5 O4,613.789,MK1,"N-[2(R)-HYDROXY-1(S)-INDANYL]-5-[(2(S)-TERTIARY
BUTYLAMINOCARBONYL)-4(3-PYRIDYLMETHYL)PIPERAZINO]-4(S)-HYDROXY-2(R)-PHENYLMETHYLPENTANAMIDE"
2R5Q,2R5Q,2.3,C32 H45 N3 O4 S,567.782,1UN,2-[2-HYDROXY-3-(3-HYDROXY-2-METHYL-BENZOYLAMINO)-4-PHENYL SULFANYL-BUTYL]-DECAHYDRO-ISOQUINOLINE-3-CARBOXYLIC ACID TERT-BUTYLAMIDE
3NU5,3NU5,1.29,Na,22.99,NA,SODIUM ION
,,,Cl,35.453,CL,CHLORIDE ION
,,,C2 H3 O2,59.044,ACT,ACETATE ION
,,,C25 H35 N3 O6 S,505.627,478,{3-[(4-AMINO-BENZENESULFONYL)-ISOBUTYL-AMINO]-1-BENZYL-2-HYDROXY-PROPYL}-CARBAMIC ACID TETRAHYDRO-FURAN-3-YL ESTER
3NU6,3NU6,1.16,Cl,35.453,CL,CHLORIDE ION
,,,Na,22.99,NA,SODIUM ION
,,,C2 H3 O2,59.044,ACT,ACETATE ION
,,,C25 H35 N3 O6 S,505.627,478,{3-[(4-AMINO-BENZENESULFONYL)-ISOBUTYL-AMINO]-1-BENZYL-2-HYDROXY-PROPYL}-CARBAMIC ACID TETRAHYDRO-FURAN-3-YL ESTER
4L1A,4L1A,1.9,C37 H48 N4 O5,628.801,AB1,"N-{1-BENZYL-4-[2-(2,6-DIMETHYL-PHENOXY)-ACETYLAMINO]-3-HYDROXY-5-PHENYL-PENTYL}-3-METHYL-2-(2-OXO-TETRAHYDRO-PYRIMIDIN-1-YL)-BUTYRAMIDE"
2QHC,2QHC,2.802,C2 H6 O S,78.133,BME,BETA-MERCAPTOETHANOL
,,,C37 H48 N4 O5,628.801,AB1,"N-{1-BENZYL-4-[2-(2,6-DIMETHYL-PHENOXY)-ACETYLAMINO]-3-HYDROXY-5-PHENYL-PENTYL}-3-METHYL-2-(2-OXO-TETRAHYDRO-PYRIMIDIN-1-YL)-BUTYRAMIDE"
3D1Y,3D1Y,1.05,Na,22.99,NA,SODIUM ION
,,,Cl,35.453,CL,CHLORIDE ION
,,,C38 H50 N6 O5,670.841,ROC,"(2S)-N-[(2S,3R)-4-[(2S,3S,4aS,8aS)-3-(tert-butylcarbamoyl)-3,4,4a,5,6,7,8,8a-octahydro-1H-isoquinolin-2-yl]-3-hydroxy-1
-phenyl-butan-2-yl]-2-(quinolin-2-ylcarbonylamino)butanediamide"
2Q5K,2Q5K,1.95,O4 P,94.971,PO4,PHOSPHATE ION
,,,C37 H48 N4 O5,628.801,AB1,"N-{1-BENZYL-4-[2-(2,6-DIMETHYL-PHENOXY)-ACETYLAMINO]-3-HYDROXY-5-PHENYL-PENTYL}-3-METHYL-2-(2-OXO-TETRAHYDRO-PYRIMIDIN-1-YL)-BUTYRAMIDE"
1C6X,1C6X,2.5,C37 H55 Cl N8 O5,727.336,3IN,N-[2(S)-CYCLOPENTYL-1(R)-HYDROXY-3(R)METHYL]-5-[(2(S)-TERTIARY-BUTYLAMINO-CARBONYL)-4-(N1-(2)-(N-METHYLPIPERAZINYL)-3-CHLORO-PYRAZINYL-5-CARBONYL)-PIPERAZINO]-4(S)-HYDROXY-2(R)-PHENYLMETHYL-PENTANAMIDE
1C70,1C70,2.5,C39 H48 N4 O5,652.822,L75,N-[2(R)-HYDROXY-1(S)-INDANYL]-2(R)-PHENYLMETHYL-4(S)-HYDROXY-5-[4-[2-BENZOFURANYLMETHYL]-2(S)-[TERT-BUTYLAMINOCARBONYL]-PIPERAZINYL]-PENTANEAMIDE
2FXD,2FXD,1.6,O4 S,96.063,SO4,SULFATE ION
,,,C2 H3 O2,59.044,ACT,ACETATE ION
,,,C38 H52 N6 O7,704.855,DR7,"(3S,8S,9S,12S)-3,12-BIS(1,1-DIMETHYLETHYL)-8-HYDROXY-4,11-DIOXO-9-(PHENYLMETHYL)-6-[[4-(2-PYRIDINYL)PHENYL]METHYL]-2,5,
6,10,13-PENTAAZATETRADECANEDIOIC ACID DIMETHYL ESTER"
1RV7,1RV7,2.7,C37 H48 N4 O5,628.801,AB1,"N-{1-BENZYL-4-[2-(2,6-DIMETHYL-PHENOXY)-ACETYLAMINO]-3-HYDROXY-5-PHENYL-PENTYL}-3-METHYL-2-(2-OXO-TETRAHYDRO-PYRIMIDIN-1-YL)-BUTYRAMIDE"
4J5J,4J5J,1.8,Cl,35.453,CL,CHLORIDE ION
,,,C25 H35 N3 O6 S,505.627,478,{3-[(4-AMINO-BENZENESULFONYL)-ISOBUTYL-AMINO]-1-BENZYL-2-HYDROXY-PROPYL}-CARBAMIC ACID TETRAHYDRO-FURAN-3-YL ESTER
2F81,2F81,1.25,Na,22.99,NA,SODIUM ION
,,,Cl,35.453,CL,CHLORIDE ION
,,,C27 H37 N3 O7 S,547.664,17,"(3R,3AS,6AR)-HEXAHYDROFURO[2,3-B]FURAN-3-YL(1S,2R)-3-[[(4-AMINOPHENYL)SULFONYL](ISOBUTYL)AMINO]-1-BENZYL-2-HYDROXYPROPYLCARBAMATE"
,,,C3 H8 O3,92.094,GOL,GLYCEROL
2IDW,2IDW,1.1,Cl,35.453,CL,CHLORIDE ION
,,,O4 P,94.971,PO4,PHOSPHATE ION
,,,C2 H6 O S,78.133,DMS,DIMETHYL SULFOXIDE
,,,C2 H4 O2,60.052,ACY,ACETIC ACID
,,,C3 H8 O3,92.094,GOL,GLYCEROL
,,,C27 H37 N3 O7 S,547.664,17,"(3R,3AS,6AR)-HEXAHYDROFURO[2,3-B]FURAN-3-YL(1S,2R)-3-[[(4-AMINOPHENYL)SULFONYL](ISOBUTYL)AMINO]-1-BENZYL-2-HYDROXYPROPYLCARBAMATE"
3TKW,3TKW,1.55,Cl,35.453,CL,CHLORIDE ION
,,,Na,22.99,NA,SODIUM ION
,,,C27 H37 N3 O7 S,547.664,17,"(3R,3AS,6AR)-HEXAHYDROFURO[2,3-B]FURAN-3-YL(1S,2R)-3-[[(4-AMINOPHENYL)SULFONYL](ISOBUTYL)AMINO]-1-BENZYL-2-HYDROXYPROPYLCARBAMATE"
,,,C3 H8 O3,92.094,GOL,GLYCEROL
2Z54,2Z54,2.31,C2 H6 O S,78.133,BME,BETA-MERCAPTOETHANOL
,,,C37 H48 N4 O5,628.801,AB1,"N-{1-BENZYL-4-[2-(2,6-DIMETHYL-PHENOXY)-ACETYLAMINO]-3-HYDROXY-5-PHENYL-PENTYL}-3-METHYL-2-(2-OXO-TETRAHYDRO-PYRIMIDIN-1-YL)-BUTYRAMIDE"
3EM4,3EM4,2.1,C38 H52 N6 O7,704.855,DR7,"(3S,8S,9S,12S)-3,12-BIS(1,1-DIMETHYLETHYL)-8-HYDROXY-4,11-DIOXO-9-(PHENYLMETHYL)-6-[[4-(2-PYRIDINYL)PHENYL]METHYL]-2,5,
6,10,13-PENTAAZATETRADECANEDIOIC ACID DIMETHYL ESTER"
,,,O4 P,94.971,PO4,PHOSPHATE ION
3EM3,3EM3,2.2,C2 H3 O2,59.044,ACT,ACETATE ION
,,,C25 H35 N3 O6 S,505.627,478,{3-[(4-AMINO-BENZENESULFONYL)-ISOBUTYL-AMINO]-1-BENZYL-2-HYDROXY-PROPYL}-CARBAMIC ACID TETRAHYDRO-FURAN-3-YL ESTER
3EKW,3EKW,1.6,O4 P,94.971,PO4,PHOSPHATE ION
,,,C38 H52 N6 O7,704.855,DR7,"(3S,8S,9S,12S)-3,12-BIS(1,1-DIMETHYLETHYL)-8-HYDROXY-4,11-DIOXO-9-(PHENYLMETHYL)-6-[[4-(2-PYRIDINYL)PHENYL]METHYL]-2,5,
6,10,13-PENTAAZATETRADECANEDIOIC ACID DIMETHYL ESTER"
3EL9,3EL9,1.6,C38 H52 N6 O7,704.855,DR7,"(3S,8S,9S,12S)-3,12-BIS(1,1-DIMETHYLETHYL)-8-HYDROXY-4,11-DIOXO-9-(PHENYLMETHYL)-6-[[4-(2-PYRIDINYL)PHENYL]METHYL]-2,5,
6,10,13-PENTAAZATETRADECANEDIOIC ACID DIMETHYL ESTER"
,,,C2 H3 O2,59.044,ACT,ACETATE ION
,,,O4 P,94.971,PO4,PHOSPHATE ION
3EL1,3EL1,1.7,C38 H52 N6 O7,704.855,DR7,"(3S,8S,9S,12S)-3,12-BIS(1,1-DIMETHYLETHYL)-8-HYDROXY-4,11-DIOXO-9-(PHENYLMETHYL)-6-[[4-(2-PYRIDINYL)PHENYL]METHYL]-2,5,
6,10,13-PENTAAZATETRADECANEDIOIC ACID DIMETHYL ESTER"
,,,C2 H3 O2,59.044,ACT,ACETATE ION
3EKY,3EKY,1.8,C38 H52 N6 O7,704.855,DR7,"(3S,8S,9S,12S)-3,12-BIS(1,1-DIMETHYLETHYL)-8-HYDROXY-4,11-DIOXO-9-(PHENYLMETHYL)-6-[[4-(2-PYRIDINYL)PHENYL]METHYL]-2,5,
6,10,13-PENTAAZATETRADECANEDIOIC ACID DIMETHYL ESTER"
,,,O4 P,94.971,PO4,PHOSPHATE ION
3D1X,3D1X,1.05,Cl,35.453,CL,CHLORIDE ION
,,,C38 H50 N6 O5,670.841,ROC,"(2S)-N-[(2S,3R)-4-[(2S,3S,4aS,8aS)-3-(tert-butylcarbamoyl)-3,4,4a,5,6,7,8,8a-octahydro-1H-isoquinolin-2-yl]-3-hydroxy-1
-phenyl-butan-2-yl]-2-(quinolin-2-ylcarbonylamino)butanediamide"
,,,C3 H8 O3,92.094,GOL,GLYCEROL
2IEN,2IEN,1.3,Na,22.99,NA,SODIUM ION
,,,Cl,35.453,CL,CHLORIDE ION
,,,C2 H4 O2,60.052,ACY,ACETIC ACID
,,,C27 H37 N3 O7 S,547.664,17,"(3R,3AS,6AR)-HEXAHYDROFURO[2,3-B]FURAN-3-YL(1S,2R)-3-[[(4-AMINOPHENYL)SULFONYL](ISOBUTYL)AMINO]-1-BENZYL-2-HYDROXYPROPYLCARBAMATE"
,,,C3 H8 O3,92.094,GOL,GLYCEROL
2F8G,2F8G,1.22,Na,22.99,NA,SODIUM ION
,,,Cl,35.453,CL,CHLORIDE ION
,,,C2 H4 O2,60.052,ACY,ACETIC ACID
,,,C27 H37 N3 O7 S,547.664,17,"(3R,3AS,6AR)-HEXAHYDROFURO[2,3-B]FURAN-3-YL(1S,2R)-3-[[(4-AMINOPHENYL)SULFONYL](ISOBUTYL)AMINO]-1-BENZYL-2-HYDROXYPROPYLCARBAMATE"
,,,C3 H8 O3,92.094,GOL,GLYCEROL
3OXC,3OXC,1.16,C38 H50 N6 O5,670.841,ROC,"(2S)-N-[(2S,3R)-4-[(2S,3S,4aS,8aS)-3-(tert-butylcarbamoyl)-3,4,4a,5,6,7,8,8a-octahydro-1H-isoquinolin-2-yl]-3-hydroxy-1
-phenyl-butan-2-yl]-2-(quinolin-2-ylcarbonylamino)butanediamide"
,,,C H2 O2,46.025,FMT,FORMIC ACID
,,,O4 S,96.063,SO4,SULFATE ION
2NMZ,2NMZ,0.97,O4 S,96.063,SO4,SULFATE ION
,,,C38 H50 N6 O5,670.841,ROC,"(2S)-N-[(2S,3R)-4-[(2S,3S,4aS,8aS)-3-(tert-butylcarbamoyl)-3,4,4a,5,6,7,8,8a-octahydro-1H-isoquinolin-2-yl]-3-hydroxy-1
-phenyl-butan-2-yl]-2-(quinolin-2-ylcarbonylamino)butanediamide"
2NMY,2NMY,1.1,Cl,35.453,CL,CHLORIDE ION
,,,Na,22.99,NA,SODIUM ION
,,,O4 S,96.063,SO4,SULFATE ION
,,,C38 H50 N6 O5,670.841,ROC,"(2S)-N-[(2S,3R)-4-[(2S,3S,4aS,8aS)-3-(tert-butylcarbamoyl)-3,4,4a,5,6,7,8,8a-octahydro-1H-isoquinolin-2-yl]-3-hydroxy-1
-phenyl-butan-2-yl]-2-(quinolin-2-ylcarbonylamino)butanediamide"
1T7J,1T7J,2.2,C2 H3 O2,59.044,ACT,ACETATE ION
,,,C25 H35 N3 O6 S,505.627,478,{3-[(4-AMINO-BENZENESULFONYL)-ISOBUTYL-AMINO]-1-BENZYL-2-HYDROXY-PROPYL}-CARBAMIC ACID TETRAHYDRO-FURAN-3-YL ESTER
2B7Z,2B7Z,2.2,C36 H47 N5 O4,613.789,MK1,"N-[2(R)-HYDROXY-1(S)-INDANYL]-5-[(2(S)-TERTIARY
BUTYLAMINOCARBONYL)-4(3-PYRIDYLMETHYL)PIPERAZINO]-4(S)-HYDROXY-2(R)-PHENYLMETHYLPENTANAMIDE"
4J54,4J54,1.55,C30 H40 N2 O9 S,604.712,G52,"(3R,3aS,3bR,6aS,7aS)-octahydrodifuro[2,3-b:3',2'-d]furan-3-yl [(1S,2R)-1-benzyl-2-hydroxy-3-{[(4-methoxyphenyl)sulfonyl](2-methylpropyl)amino}propyl]carbamate"
,,,I,126.904,IOD,IODIDE ION
,,,C2 H3 O2,59.044,ACT,ACETATE ION
4J55,4J55,1.31,C30 H39 N3 O8 S,601.711,31,"(3aS,5R,6aR)-hexahydro-2H-cyclopenta[b]furan-5-yl [(1S,2R)-1-benzyl-2-hydroxy-3-([(4-methoxyphenyl)sulfonyl]{[(2R)-5-oxopyrrolidin-2-yl]methyl}amino)propyl]carbamate"
3CYX,3CYX,1.2,C38 H50 N6 O5,670.841,ROC,"(2S)-N-[(2S,3R)-4-[(2S,3S,4aS,8aS)-3-(tert-butylcarbamoyl)-3,4,4a,5,6,7,8,8a-octahydro-1H-isoquinolin-2-yl]-3-hydroxy-1
-phenyl-butan-2-yl]-2-(quinolin-2-ylcarbonylamino)butanediamide"
,,,Na,22.99,NA,SODIUM ION
,,,C2 H4 O2,60.052,ACY,ACETIC ACID
,,,C3 H8 O3,92.094,GOL,GLYCEROL
,,,O4 P,94.971,PO4,PHOSPHATE ION
4RVJ,4RVJ,1.6,C25 H35 N3 O6 S,505.627,478,{3-[(4-AMINO-BENZENESULFONYL)-ISOBUTYL-AMINO]-1-BENZYL-2-HYDROXY-PROPYL}-CARBAMIC ACID TETRAHYDRO-FURAN-3-YL ESTER
3PWR,3PWR,1.45,C38 H50 N6 O5,670.841,ROC,"(2S)-N-[(2S,3R)-4-[(2S,3S,4aS,8aS)-3-(tert-butylcarbamoyl)-3,4,4a,5,6,7,8,8a-octahydro-1H-isoquinolin-2-yl]-3-hydroxy-1
-phenyl-butan-2-yl]-2-(quinolin-2-ylcarbonylamino)butanediamide"
,,,Cl,35.453,CL,CHLORIDE ION
,,,C3 H8 O3,92.094,GOL,GLYCEROL
3NU3,3NU3,1.02,Na,22.99,NA,SODIUM ION
,,,Cl,35.453,CL,CHLORIDE ION
,,,C25 H35 N3 O6 S,505.627,478,{3-[(4-AMINO-BENZENESULFONYL)-ISOBUTYL-AMINO]-1-BENZYL-2-HYDROXY-PROPYL}-CARBAMIC ACID TETRAHYDRO-FURAN-3-YL ESTER
,,,C3 H8 O3,92.094,GOL,GLYCEROL
3NDT,3NDT,1.72,C38 H50 N6 O5,670.841,ROC,"(2S)-N-[(2S,3R)-4-[(2S,3S,4aS,8aS)-3-(tert-butylcarbamoyl)-3,4,4a,5,6,7,8,8a-octahydro-1H-isoquinolin-2-yl]-3-hydroxy-1
-phenyl-butan-2-yl]-2-(quinolin-2-ylcarbonylamino)butanediamide"
,,,Cl,35.453,CL,CHLORIDE ION
,,,C2 H6 O S,78.133,DMS,DIMETHYL SULFOXIDE
,,,Na,22.99,NA,SODIUM ION
2FXE,2FXE,1.8,O4 S,96.063,SO4,SULFATE ION
,,,C2 H3 O2,59.044,ACT,ACETATE ION
,,,C38 H52 N6 O7,704.855,DR7,"(3S,8S,9S,12S)-3,12-BIS(1,1-DIMETHYLETHYL)-8-HYDROXY-4,11-DIOXO-9-(PHENYLMETHYL)-6-[[4-(2-PYRIDINYL)PHENYL]METHYL]-2,5,
6,10,13-PENTAAZATETRADECANEDIOIC ACID DIMETHYL ESTER"
,,,C3 H8 O3,92.094,GOL,GLYCEROL
5T2Z,5T2Z,1.5,C27 H37 N3 O7 S,547.664,17,"(3R,3AS,6AR)-HEXAHYDROFURO[2,3-B]FURAN-3-YL(1S,2R)-3-[[(4-AMINOPHENYL)SULFONYL](ISOBUTYL)AMINO]-1-BENZYL-2-HYDROXYPROPYLCARBAMATE"
4YOA,4YOA,1.697,C27 H37 N3 O7 S,547.664,17,"(3R,3AS,6AR)-HEXAHYDROFURO[2,3-B]FURAN-3-YL(1S,2R)-3-[[(4-AMINOPHENYL)SULFONYL](ISOBUTYL)AMINO]-1-BENZYL-2-HYDROXYPROPYLCARBAMATE"
1MTB,1MTB,2.5,C10 H7 N O2,173.168,QNC,quinoline-2-carboxylic acid
,,,C4 H8 N2 O3,132.118,ASN,ASPARAGINE
,,,C9 H13 N O2,167.205,HPH,"(2S)-2-amino-3-phenylpropane-1,1-diol"
,,,C11 H19 N O2,197.274,DIQ,2-METHYL-DECAHYDRO-ISOQUINOLINE-3-CARBOXYLIC ACID
,,,C4 H11 N,73.137,NTB,TERTIARY-BUTYLAMINE
5E5J,5E5J,"1.85, 2",C27 H37 N3 O7 S,547.664,17,"(3R,3AS,6AR)-HEXAHYDROFURO[2,3-B]FURAN-3-YL(1S,2R)-3-[[(4-AMINOPHENYL)SULFONYL](ISOBUTYL)AMINO]-1-BENZYL-2-HYDROXYPROPYLCARBAMATE"
6OPT,6OPT,1.96,C27 H37 N3 O7 S,547.664,17,"(3R,3AS,6AR)-HEXAHYDROFURO[2,3-B]FURAN-3-YL(1S,2R)-3-[[(4-AMINOPHENYL)SULFONYL](ISOBUTYL)AMINO]-1-BENZYL-2-HYDROXYPROPYLCARBAMATE"
,,,O4 S,96.063,SO4,SULFATE ION
6OPS,6OPS,2.08,C27 H37 N3 O7 S,547.664,17,"(3R,3AS,6AR)-HEXAHYDROFURO[2,3-B]FURAN-3-YL(1S,2R)-3-[[(4-AMINOPHENYL)SULFONYL](ISOBUTYL)AMINO]-1-BENZYL-2-HYDROXYPROPYLCARBAMATE"
6OPV,6OPV,1.91,C27 H37 N3 O7 S,547.664,17,"(3R,3AS,6AR)-HEXAHYDROFURO[2,3-B]FURAN-3-YL(1S,2R)-3-[[(4-AMINOPHENYL)SULFONYL](ISOBUTYL)AMINO]-1-BENZYL-2-HYDROXYPROPYLCARBAMATE"
6OPU,6OPU,1.94,C27 H37 N3 O7 S,547.664,17,"(3R,3AS,6AR)-HEXAHYDROFURO[2,3-B]FURAN-3-YL(1S,2R)-3-[[(4-AMINOPHENYL)SULFONYL](ISOBUTYL)AMINO]-1-BENZYL-2-HYDROXYPROPYLCARBAMATE"
6OPX,6OPX,2.03,C27 H37 N3 O7 S,547.664,17,"(3R,3AS,6AR)-HEXAHYDROFURO[2,3-B]FURAN-3-YL(1S,2R)-3-[[(4-AMINOPHENYL)SULFONYL](ISOBUTYL)AMINO]-1-BENZYL-2-HYDROXYPROPYLCARBAMATE"
5KQY,5KQY,1.65,C27 H37 N3 O7 S,547.664,17,"(3R,3AS,6AR)-HEXAHYDROFURO[2,3-B]FURAN-3-YL(1S,2R)-3-[[(4-AMINOPHENYL)SULFONYL](ISOBUTYL)AMINO]-1-BENZYL-2-HYDROXYPROPYLCARBAMATE"
5KR1,5KR1,1.6,C27 H37 N3 O7 S,547.664,17,"(3R,3AS,6AR)-HEXAHYDROFURO[2,3-B]FURAN-3-YL(1S,2R)-3-[[(4-AMINOPHENYL)SULFONYL](ISOBUTYL)AMINO]-1-BENZYL-2-HYDROXYPROPYLCARBAMATE"
4LL3,4LL3,1.95,C27 H37 N3 O7 S,547.664,17,"(3R,3AS,6AR)-HEXAHYDROFURO[2,3-B]FURAN-3-YL(1S,2R)-3-[[(4-AMINOPHENYL)SULFONYL](ISOBUTYL)AMINO]-1-BENZYL-2-HYDROXYPROPYLCARBAMATE"
6DH3,6DH3,1.908,C27 H37 N3 O7 S,547.664,17,"(3R,3AS,6AR)-HEXAHYDROFURO[2,3-B]FURAN-3-YL(1S,2R)-3-[[(4-AMINOPHENYL)SULFONYL](ISOBUTYL)AMINO]-1-BENZYL-2-HYDROXYPROPYLCARBAMATE"
,,,O4 S,96.063,SO4,SULFATE ION
6DH6,6DH6,1.97,O4 S,96.063,SO4,SULFATE ION
,,,C27 H37 N3 O7 S,547.664,17,"(3R,3AS,6AR)-HEXAHYDROFURO[2,3-B]FURAN-3-YL(1S,2R)-3-[[(4-AMINOPHENYL)SULFONYL](ISOBUTYL)AMINO]-1-BENZYL-2-HYDROXYPROPYLCARBAMATE"
6DH0,6DH0,1.899,C27 H37 N3 O7 S,547.664,17,"(3R,3AS,6AR)-HEXAHYDROFURO[2,3-B]FURAN-3-YL(1S,2R)-3-[[(4-AMINOPHENYL)SULFONYL](ISOBUTYL)AMINO]-1-BENZYL-2-HYDROXYPROPYLCARBAMATE"
2HS2,2HS2,1.22,Cl,35.453,CL,CHLORIDE ION
,,,C27 H37 N3 O7 S,547.664,17,"(3R,3AS,6AR)-HEXAHYDROFURO[2,3-B]FURAN-3-YL(1S,2R)-3-[[(4-AMINOPHENYL)SULFONYL](ISOBUTYL)AMINO]-1-BENZYL-2-HYDROXYPROPYLCARBAMATE"
,,,C2 H6 O S,78.133,DMS,DIMETHYL SULFOXIDE
2HS1,2HS1,0.84,Cl,35.453,CL,CHLORIDE ION
,,,C27 H37 N3 O7 S,547.664,17,"(3R,3AS,6AR)-HEXAHYDROFURO[2,3-B]FURAN-3-YL(1S,2R)-3-[[(4-AMINOPHENYL)SULFONYL](ISOBUTYL)AMINO]-1-BENZYL-2-HYDROXYPROPYLCARBAMATE"
,,,C2 H6 O S,78.133,DMS,DIMETHYL SULFOXIDE
2RKG,2RKG,1.8,C3 H8 O3,92.094,GOL,GLYCEROL
,,,C37 H48 N4 O5,628.801,AB1,"N-{1-BENZYL-4-[2-(2,6-DIMETHYL-PHENOXY)-ACETYLAMINO]-3-HYDROXY-5-PHENYL-PENTYL}-3-METHYL-2-(2-OXO-TETRAHYDRO-PYRIMIDIN-1-YL)-BUTYRAMIDE"
2RKF,2RKF,1.8,O4 S,96.063,SO4,SULFATE ION
,,,C37 H48 N4 O5,628.801,AB1,"N-{1-BENZYL-4-[2-(2,6-DIMETHYL-PHENOXY)-ACETYLAMINO]-3-HYDROXY-5-PHENYL-PENTYL}-3-METHYL-2-(2-OXO-TETRAHYDRO-PYRIMIDIN-1-YL)-BUTYRAMIDE"
,,,C3 H8 O3,92.094,GOL,GLYCEROL
6DGX,6DGX,2.001,C27 H37 N3 O7 S,547.664,17,"(3R,3AS,6AR)-HEXAHYDROFURO[2,3-B]FURAN-3-YL(1S,2R)-3-[[(4-AMINOPHENYL)SULFONYL](ISOBUTYL)AMINO]-1-BENZYL-2-HYDROXYPROPYLCARBAMATE"
,,,O4 S,96.063,SO4,SULFATE ION
3EKX,3EKX,1.97,C32 H45 N3 O4 S,567.782,1UN,2-[2-HYDROXY-3-(3-HYDROXY-2-METHYL-BENZOYLAMINO)-4-PHENYL SULFANYL-BUTYL]-DECAHYDRO-ISOQUINOLINE-3-CARBOXYLIC ACID TERT-BUTYLAMIDE
,,,C2 H3 O2,59.044,ACT,ACETATE ION
3MWS,3MWS,1.09,Cl,35.453,CL,CHLORIDE ION
,,,C27 H37 N3 O7 S,547.664,17,"(3R,3AS,6AR)-HEXAHYDROFURO[2,3-B]FURAN-3-YL(1S,2R)-3-[[(4-AMINOPHENYL)SULFONYL](ISOBUTYL)AMINO]-1-BENZYL-2-HYDROXYPROPYLCARBAMATE"
3EBZ,3EBZ,1.2,C3 H5 N2,69.085,IMD,IMIDAZOLE
,,,Zn,65.409,ZN,ZINC ION
,,,Cl,35.453,CL,CHLORIDE ION
,,,Na,22.99,NA,SODIUM ION
,,,C27 H37 N3 O7 S,547.664,17,"(3R,3AS,6AR)-HEXAHYDROFURO[2,3-B]FURAN-3-YL(1S,2R)-3-[[(4-AMINOPHENYL)SULFONYL](ISOBUTYL)AMINO]-1-BENZYL-2-HYDROXYPROPYLCARBAMATE"
3OY4,3OY4,1.76,O4 P,94.971,PO4,PHOSPHATE ION
,,,C2 H3 O2,59.044,ACT,ACETATE ION
,,,C27 H37 N3 O7 S,547.664,17,"(3R,3AS,6AR)-HEXAHYDROFURO[2,3-B]FURAN-3-YL(1S,2R)-3-[[(4-AMINOPHENYL)SULFONYL](ISOBUTYL)AMINO]-1-BENZYL-2-HYDROXYPROPYLCARBAMATE"
5E5K,5E5K,"1.75, 2.3",C27 H37 N3 O7 S,547.664,17,"(3R,3AS,6AR)-HEXAHYDROFURO[2,3-B]FURAN-3-YL(1S,2R)-3-[[(4-AMINOPHENYL)SULFONYL](ISOBUTYL)AMINO]-1-BENZYL-2-HYDROXYPROPYLCARBAMATE"
3TTP,3TTP,2.23,C27 H37 N3 O7 S,547.664,17,"(3R,3AS,6AR)-HEXAHYDROFURO[2,3-B]FURAN-3-YL(1S,2R)-3-[[(4-AMINOPHENYL)SULFONYL](ISOBUTYL)AMINO]-1-BENZYL-2-HYDROXYPROPYLCARBAMATE"
,,,Cl,35.453,CL,CHLORIDE ION
,,,C2 H6 O S,78.133,BME,BETA-MERCAPTOETHANOL
3GGU,3GGU,1.8,C27 H37 N3 O7 S,547.664,17,"(3R,3AS,6AR)-HEXAHYDROFURO[2,3-B]FURAN-3-YL(1S,2R)-3-[[(4-AMINOPHENYL)SULFONYL](ISOBUTYL)AMINO]-1-BENZYL-2-HYDROXYPROPYLCARBAMATE"
3U7S,3U7S,2.05,C27 H37 N3 O7 S,547.664,17,"(3R,3AS,6AR)-HEXAHYDROFURO[2,3-B]FURAN-3-YL(1S,2R)-3-[[(4-AMINOPHENYL)SULFONYL](ISOBUTYL)AMINO]-1-BENZYL-2-HYDROXYPROPYLCARBAMATE"
,,,C2 H6 O S,78.133,BME,BETA-MERCAPTOETHANOL
3EKT,3EKT,1.97,C2 H3 O2,59.044,ACT,ACETATE ION
,,,C27 H37 N3 O7 S,547.664,17,"(3R,3AS,6AR)-HEXAHYDROFURO[2,3-B]FURAN-3-YL(1S,2R)-3-[[(4-AMINOPHENYL)SULFONYL](ISOBUTYL)AMINO]-1-BENZYL-2-HYDROXYPROPYLCARBAMATE"
,,,O4 P,94.971,PO4,PHOSPHATE ION
3JVY,3JVY,1.6,Na,22.99,NA,SODIUM ION
,,,Cl,35.453,CL,CHLORIDE ION
,,,C27 H37 N3 O7 S,547.664,17,"(3R,3AS,6AR)-HEXAHYDROFURO[2,3-B]FURAN-3-YL(1S,2R)-3-[[(4-AMINOPHENYL)SULFONYL](ISOBUTYL)AMINO]-1-BENZYL-2-HYDROXYPROPYLCARBAMATE"
3JW2,3JW2,1.8,C27 H37 N3 O7 S,547.664,17,"(3R,3AS,6AR)-HEXAHYDROFURO[2,3-B]FURAN-3-YL(1S,2R)-3-[[(4-AMINOPHENYL)SULFONYL](ISOBUTYL)AMINO]-1-BENZYL-2-HYDROXYPROPYLCARBAMATE"
,,,Na,22.99,NA,SODIUM ION
,,,Cl,35.453,CL,CHLORIDE ION
6OOS,6OOS,1.9,O4 S,96.063,SO4,SULFATE ION
,,,C27 H37 N3 O7 S,547.664,17,"(3R,3AS,6AR)-HEXAHYDROFURO[2,3-B]FURAN-3-YL(1S,2R)-3-[[(4-AMINOPHENYL)SULFONYL](ISOBUTYL)AMINO]-1-BENZYL-2-HYDROXYPROPYLCARBAMATE"
6OOU,6OOU,2.127,C27 H37 N3 O7 S,547.664,17,"(3R,3AS,6AR)-HEXAHYDROFURO[2,3-B]FURAN-3-YL(1S,2R)-3-[[(4-AMINOPHENYL)SULFONYL](ISOBUTYL)AMINO]-1-BENZYL-2-HYDROXYPROPYLCARBAMATE"
,,,O4 S,96.063,SO4,SULFATE ION
6OOT,6OOT,1.822,O4 S,96.063,SO4,SULFATE ION
,,,C27 H37 N3 O7 S,547.664,17,"(3R,3AS,6AR)-HEXAHYDROFURO[2,3-B]FURAN-3-YL(1S,2R)-3-[[(4-AMINOPHENYL)SULFONYL](ISOBUTYL)AMINO]-1-BENZYL-2-HYDROXYPROPYLCARBAMATE"
6OPW,6OPW,2.1,O4 S,96.063,SO4,SULFATE ION
,,,C27 H37 N3 O7 S,547.664,17,"(3R,3AS,6AR)-HEXAHYDROFURO[2,3-B]FURAN-3-YL(1S,2R)-3-[[(4-AMINOPHENYL)SULFONYL](ISOBUTYL)AMINO]-1-BENZYL-2-HYDROXYPROPYLCARBAMATE"
6OPZ,6OPZ,2.201,C27 H37 N3 O7 S,547.664,17,"(3R,3AS,6AR)-HEXAHYDROFURO[2,3-B]FURAN-3-YL(1S,2R)-3-[[(4-AMINOPHENYL)SULFONYL](ISOBUTYL)AMINO]-1-BENZYL-2-HYDROXYPROPYLCARBAMATE"
6OPY,6OPY,2.13,C27 H37 N3 O7 S,547.664,17,"(3R,3AS,6AR)-HEXAHYDROFURO[2,3-B]FURAN-3-YL(1S,2R)-3-[[(4-AMINOPHENYL)SULFONYL](ISOBUTYL)AMINO]-1-BENZYL-2-HYDROXYPROPYLCARBAMATE"
4DQB,4DQB,1.5,C2 H6 O2,62.068,EDO,"1,2-ETHANEDIOL"
,,,C27 H37 N3 O7 S,547.664,17,"(3R,3AS,6AR)-HEXAHYDROFURO[2,3-B]FURAN-3-YL(1S,2R)-3-[[(4-AMINOPHENYL)SULFONYL](ISOBUTYL)AMINO]-1-BENZYL-2-HYDROXYPROPYLCARBAMATE"
,,,O4 P,94.971,PO4,PHOSPHATE ION
,,,C2 H6 O S,78.133,DMS,DIMETHYL SULFOXIDE
4DQE,4DQE,1.3,C27 H37 N3 O7 S,547.664,17,"(3R,3AS,6AR)-HEXAHYDROFURO[2,3-B]FURAN-3-YL(1S,2R)-3-[[(4-AMINOPHENYL)SULFONYL](ISOBUTYL)AMINO]-1-BENZYL-2-HYDROXYPROPYLCARBAMATE"
,,,C2 H3 O2,59.044,ACT,ACETATE ION
4Q1W,4Q1W,1.85,O4 P,94.971,PO4,PHOSPHATE ION
,,,C27 H37 N3 O7 S,547.664,17,"(3R,3AS,6AR)-HEXAHYDROFURO[2,3-B]FURAN-3-YL(1S,2R)-3-[[(4-AMINOPHENYL)SULFONYL](ISOBUTYL)AMINO]-1-BENZYL-2-HYDROXYPROPYLCARBAMATE"
,,,C2 H3 O2,59.044,ACT,ACETATE ION
4Q1Y,4Q1Y,1.5,O4 P,94.971,PO4,PHOSPHATE ION
,,,C2 H3 O2,59.044,ACT,ACETATE ION
,,,C27 H37 N3 O7 S,547.664,17,"(3R,3AS,6AR)-HEXAHYDROFURO[2,3-B]FURAN-3-YL(1S,2R)-3-[[(4-AMINOPHENYL)SULFONYL](ISOBUTYL)AMINO]-1-BENZYL-2-HYDROXYPROPYLCARBAMATE"
4HLA,4HLA,1.95,C27 H37 N3 O7 S,547.664,17,"(3R,3AS,6AR)-HEXAHYDROFURO[2,3-B]FURAN-3-YL(1S,2R)-3-[[(4-AMINOPHENYL)SULFONYL](ISOBUTYL)AMINO]-1-BENZYL-2-HYDROXYPROPYLCARBAMATE"
3T3C,3T3C,2.1,C27 H37 N3 O7 S,547.664,17,"(3R,3AS,6AR)-HEXAHYDROFURO[2,3-B]FURAN-3-YL(1S,2R)-3-[[(4-AMINOPHENYL)SULFONYL](ISOBUTYL)AMINO]-1-BENZYL-2-HYDROXYPROPYLCARBAMATE"
,,,C2 H6 O S,78.133,BME,BETA-MERCAPTOETHANOL
,,,O4 S,96.063,SO4,SULFATE ION
1D4L,1D4L,1.75,O4 S,96.063,SO4,SULFATE ION
,,,C32 H48 N4 O6 S,616.812,PI9,"(10S,13S,1'R)-13-[1'-HYDROXY-2'-(N-P-AMINOBENZENESULFONYL-1''-AMINO-3''-METHYLBUTYL)ETHYL]-8,11-DIOXO-10-ISOPROPYL-2-OXA-9,12-DIAZABICYCLO [13.2.2]NONADECA-15,17,18-TRIENE"
1D4K,1D4K,1.85,O4 S,96.063,SO4,SULFATE ION
,,,C41 H54 N4 O6,698.891,PI8,"N-13-[(10S,13S)-9,12-DIOXO-10-(2-BUTYL)-2-OXA-8,11-DIAZABICYCLO [13.2.2] NONADECA-15,17,18-TRIENE] (2R)-BENZYL-(4S)-HYDROXY-5-AMINOPENTANOIC (1R)-HYDROXY-(2S)-INDANEAMIDE"
2NNP,2NNP,1.2,C38 H50 N6 O5,670.841,ROC,"(2S)-N-[(2S,3R)-4-[(2S,3S,4aS,8aS)-3-(tert-butylcarbamoyl)-3,4,4a,5,6,7,8,8a-octahydro-1H-isoquinolin-2-yl]-3-hydroxy-1
-phenyl-butan-2-yl]-2-(quinolin-2-ylcarbonylamino)butanediamide"
,,,C2 H4 O2,60.052,ACY,ACETIC ACID
,,,C3 H8 O3,92.094,GOL,GLYCEROL
,,,O4 S,96.063,SO4,SULFATE ION
2NNK,2NNK,1.25,Na,22.99,NA,SODIUM ION
,,,Cl,35.453,CL,CHLORIDE ION
,,,C38 H50 N6 O5,670.841,ROC,"(2S)-N-[(2S,3R)-4-[(2S,3S,4aS,8aS)-3-(tert-butylcarbamoyl)-3,4,4a,5,6,7,8,8a-octahydro-1H-isoquinolin-2-yl]-3-hydroxy-1
-phenyl-butan-2-yl]-2-(quinolin-2-ylcarbonylamino)butanediamide"
,,,C2 H4 O2,60.052,ACY,ACETIC ACID
,,,C3 H8 O3,92.094,GOL,GLYCEROL
3NDU,3NDU,1.25,C38 H50 N6 O5,670.841,ROC,"(2S)-N-[(2S,3R)-4-[(2S,3S,4aS,8aS)-3-(tert-butylcarbamoyl)-3,4,4a,5,6,7,8,8a-octahydro-1H-isoquinolin-2-yl]-3-hydroxy-1
-phenyl-butan-2-yl]-2-(quinolin-2-ylcarbonylamino)butanediamide"
,,,C2 H6 O S,78.133,DMS,DIMETHYL SULFOXIDE
,,,C2 H3 O2,59.044,ACT,ACETATE ION
,,,Cl,35.453,CL,CHLORIDE ION
,,,C3 H8 O3,92.094,GOL,GLYCEROL
,,,Na,22.99,NA,SODIUM ION
3UFN,3UFN,1.45,C38 H50 N6 O5,670.841,ROC,"(2S)-N-[(2S,3R)-4-[(2S,3S,4aS,8aS)-3-(tert-butylcarbamoyl)-3,4,4a,5,6,7,8,8a-octahydro-1H-isoquinolin-2-yl]-3-hydroxy-1
-phenyl-butan-2-yl]-2-(quinolin-2-ylcarbonylamino)butanediamide"
,,,Cl,35.453,CL,CHLORIDE ION
6P9B,6P9B,1.75,C25 H35 N3 O6 S,505.627,478,{3-[(4-AMINO-BENZENESULFONYL)-ISOBUTYL-AMINO]-1-BENZYL-2-HYDROXY-PROPYL}-CARBAMIC ACID TETRAHYDRO-FURAN-3-YL ESTER
,,,O4 P,94.971,PO4,PHOSPHATE ION
4NPT,4NPT,1.66,C27 H37 N3 O7 S,547.664,17,"(3R,3AS,6AR)-HEXAHYDROFURO[2,3-B]FURAN-3-YL(1S,2R)-3-[[(4-AMINOPHENYL)SULFONYL](ISOBUTYL)AMINO]-1-BENZYL-2-HYDROXYPROPYLCARBAMATE"
,,,C3 H8 O3,92.094,GOL,GLYCEROL
3TKG,3TKG,1.36,Cl,35.453,CL,CHLORIDE ION
,,,C3 H8 O3,92.094,GOL,GLYCEROL
,,,C38 H50 N6 O5,670.841,ROC,"(2S)-N-[(2S,3R)-4-[(2S,3S,4aS,8aS)-3-(tert-butylcarbamoyl)-3,4,4a,5,6,7,8,8a-octahydro-1H-isoquinolin-2-yl]-3-hydroxy-1
-phenyl-butan-2-yl]-2-(quinolin-2-ylcarbonylamino)butanediamide"
3TL9,3TL9,1.32,C38 H50 N6 O5,670.841,ROC,"(2S)-N-[(2S,3R)-4-[(2S,3S,4aS,8aS)-3-(tert-butylcarbamoyl)-3,4,4a,5,6,7,8,8a-octahydro-1H-isoquinolin-2-yl]-3-hydroxy-1
-phenyl-butan-2-yl]-2-(quinolin-2-ylcarbonylamino)butanediamide"
,,,Cl,35.453,CL,CHLORIDE ION
,,,Na,22.99,NA,SODIUM ION
,,,C3 H8 O3,92.094,GOL,GLYCEROL
6DIL,6DIL,1.482,Na,22.99,NA,SODIUM ION
,,,Cl,35.453,CL,CHLORIDE ION
,,,C3 H8 O3,92.094,GOL,GLYCEROL
,,,C2 H3 O2,59.044,ACT,ACETATE ION
,,,C31 H33 F3 N2 O5 S,602.664,TPV,"N-(3-{(1R)-1-[(6R)-4-HYDROXY-2-OXO-6-PHENETHYL-6-PROPYL-5,6-DIHYDRO-2H-PYRAN-3-YL]PROPYL}PHENYL)-5-(TRIFLUOROMETHYL)-2-PYRIDINESULFONAMIDE"
6DIF,6DIF,1.2,Na,22.99,NA,SODIUM ION
,,,Cl,35.453,CL,CHLORIDE ION
,,,C3 H8 O3,92.094,GOL,GLYCEROL
,,,C31 H33 F3 N2 O5 S,602.664,TPV,"N-(3-{(1R)-1-[(6R)-4-HYDROXY-2-OXO-6-PHENETHYL-6-PROPYL-5,6-DIHYDRO-2H-PYRAN-3-YL]PROPYL}PHENYL)-5-(TRIFLUOROMETHYL)-2-PYRIDINESULFONAMIDE"
4DQC,4DQC,1.94,C27 H37 N3 O7 S,547.664,17,"(3R,3AS,6AR)-HEXAHYDROFURO[2,3-B]FURAN-3-YL(1S,2R)-3-[[(4-AMINOPHENYL)SULFONYL](ISOBUTYL)AMINO]-1-BENZYL-2-HYDROXYPROPYLCARBAMATE"
,,,C3 H8 O3,92.094,GOL,GLYCEROL
,,,O4 P,94.971,PO4,PHOSPHATE ION
4DQF,4DQF,1.9,C27 H37 N3 O7 S,547.664,17,"(3R,3AS,6AR)-HEXAHYDROFURO[2,3-B]FURAN-3-YL(1S,2R)-3-[[(4-AMINOPHENYL)SULFONYL](ISOBUTYL)AMINO]-1-BENZYL-2-HYDROXYPROPYLCARBAMATE"
,,,O4 S,96.063,SO4,SULFATE ION
,,,C2 H6 O2,62.068,EDO,"1,2-ETHANEDIOL"
,,,C3 H8 O3,92.094,GOL,GLYCEROL
4DQH,4DQH,1.79,C27 H37 N3 O7 S,547.664,17,"(3R,3AS,6AR)-HEXAHYDROFURO[2,3-B]FURAN-3-YL(1S,2R)-3-[[(4-AMINOPHENYL)SULFONYL](ISOBUTYL)AMINO]-1-BENZYL-2-HYDROXYPROPYLCARBAMATE"
,,,C3 H8 O3,92.094,GOL,GLYCEROL
4Q1X,4Q1X,1.9,C27 H37 N3 O7 S,547.664,17,"(3R,3AS,6AR)-HEXAHYDROFURO[2,3-B]FURAN-3-YL(1S,2R)-3-[[(4-AMINOPHENYL)SULFONYL](ISOBUTYL)AMINO]-1-BENZYL-2-HYDROXYPROPYLCARBAMATE"
,,,C3 H8 O3,92.094,GOL,GLYCEROL
,,,O4 P,94.971,PO4,PHOSPHATE ION
3BVB,3BVB,1.3,Na,22.99,NA,SODIUM ION
,,,Cl,35.453,CL,CHLORIDE ION
,,,C27 H37 N3 O7 S,547.664,17,"(3R,3AS,6AR)-HEXAHYDROFURO[2,3-B]FURAN-3-YL(1S,2R)-3-[[(4-AMINOPHENYL)SULFONYL](ISOBUTYL)AMINO]-1-BENZYL-2-HYDROXYPROPYLCARBAMATE"
,,,C3 H8 O3,92.094,GOL,GLYCEROL
2AOH,2AOH,1.42,Na,22.99,NA,SODIUM ION
,,,Cl,35.453,CL,CHLORIDE ION
2AOI,2AOI,1.4,O4 S,96.063,SO4,SULFATE ION
2AOF,2AOF,1.32,Na,22.99,NA,SODIUM ION
,,,Cl,35.453,CL,CHLORIDE ION
,,,C2 H4 O2,60.052,ACY,ACETIC ACID
2PYN,2PYN,1.85,C32 H45 N3 O4 S,567.782,1UN,2-[2-HYDROXY-3-(3-HYDROXY-2-METHYL-BENZOYLAMINO)-4-PHENYL SULFANYL-BUTYL]-DECAHYDRO-ISOQUINOLINE-3-CARBOXYLIC ACID TERT-BUTYLAMIDE
2PYM,2PYM,1.9,C32 H45 N3 O4 S,567.782,1UN,2-[2-HYDROXY-3-(3-HYDROXY-2-METHYL-BENZOYLAMINO)-4-PHENYL SULFANYL-BUTYL]-DECAHYDRO-ISOQUINOLINE-3-CARBOXYLIC ACID TERT-BUTYLAMIDE
2Q64,2Q64,2.5,C32 H45 N3 O4 S,567.782,1UN,2-[2-HYDROXY-3-(3-HYDROXY-2-METHYL-BENZOYLAMINO)-4-PHENYL SULFANYL-BUTYL]-DECAHYDRO-ISOQUINOLINE-3-CARBOXYLIC ACID TERT-BUTYLAMIDE
2Q63,2Q63,2.2,C32 H45 N3 O4 S,567.782,1UN,2-[2-HYDROXY-3-(3-HYDROXY-2-METHYL-BENZOYLAMINO)-4-PHENYL SULFANYL-BUTYL]-DECAHYDRO-ISOQUINOLINE-3-CARBOXYLIC ACID TERT-BUTYLAMIDE
6PJI,6PJI,1.9,C32 H41 N3 O8,595.683,OO4,"methyl [(1S)-1-cyclopropyl-2-({(2S,3S,5S)-5-[({[(3R,3aS,6aR)-hexahydrofuro[2,3-b]furan-3-yl]oxy}carbonyl)amino]-3-hydroxy-1,6-diphenylhexan-2-yl}amino)-2-oxoethyl]carbamate"
,,,O4 S,96.063,SO4,SULFATE ION
6PJH,6PJH,1.85,C32 H43 N3 O8,597.699,OQG,"(3R,3aS,6aR)-hexahydrofuro[2,3-b]furan-3-yl [(2S,4S,5S)-4-hydroxy-5-{[N-(methoxycarbonyl)-L-valyl]amino}-1,6-diphenylhexan-2-yl]carbamate"
,,,O4 S,96.063,SO4,SULFATE ION
6PJK,6PJK,2.002,C33 H45 N3 O8,611.726,OQD,"(3R,3aS,6aR)-hexahydrofuro[2,3-b]furan-3-yl [(2S,4S,5S)-4-hydroxy-5-{[N-(methoxycarbonyl)-L-isoleucyl]amino}-1,6-diphenylhexan-2-yl]carbamate"
,,,O4 S,96.063,SO4,SULFATE ION
6PJM,6PJM,1.93,O4 S,96.063,SO4,SULFATE ION
,,,C33 H45 N3 O8,611.726,OQV,"(3R,3aS,6aR)-hexahydrofuro[2,3-b]furan-3-yl [(2S,3S,5S)-3-hydroxy-5-{[N-(methoxycarbonyl)-3-methyl-L-valyl]amino}-1,6-diphenylhexan-2-yl]carbamate"
6PJL,6PJL,1.993,O4 S,96.063,SO4,SULFATE ION
,,,C33 H45 N3 O8,611.726,OQA,"(3R,3aS,6aR)-hexahydrofuro[2,3-b]furan-3-yl [(2S,4S,5S)-4-hydroxy-5-{[N-(methoxycarbonyl)-L-alloisoleucyl]amino}-1,6-diphenylhexan-2-yl]carbamate"
6PJO,6PJO,1.95,C34 H45 N3 O8,623.736,OQ7,"methyl [(1S)-1-cyclopentyl-2-({(2S,4S,5S)-5-[({[(3R,3aS,6aR)-hexahydrofuro[2,3-b]furan-3-yl]oxy}carbonyl)amino]-4-hydroxy-1,6-diphenylhexan-2-yl}amino)-2-oxoethyl]carbamate"
,,,O4 S,96.063,SO4,SULFATE ION
6PJN,6PJN,1.98,O4 S,96.063,SO4,SULFATE ION
,,,C33 H43 N3 O8,609.71,OQP,"(3R,3aS,6aR)-hexahydrofuro[2,3-b]furan-3-yl [(2S,3S,5S)-3-hydroxy-5-({1-[(methoxycarbonyl)amino]cyclopentane-1-carbonyl}amino)-1,6-diphenylhexan-2-yl]carbamate"
6PJC,6PJC,1.965,O4 S,96.063,SO4,SULFATE ION
,,,C35 H42 N2 O7,602.717,OR1,"(3R,3aS,6aR)-hexahydrofuro[2,3-b]furan-3-yl [(2S,4S,5S)-5-{[(2,6-dimethylphenoxy)acetyl]amino}-4-hydroxy-1,6-diphenylhexan-2-yl]carbamate"
6PJE,6PJE,1.922,C33 H43 N3 O8,609.71,OPJ,"(3R,3aS,6aR)-hexahydrofuro[2,3-b]furan-3-yl [(2S,4S,5S)-4-hydroxy-5-({1-[(methoxycarbonyl)amino]cyclopentane-1-carbonyl}amino)-1,6-diphenylhexan-2-yl]carbamate"
,,,O4 S,96.063,SO4,SULFATE ION
6PJD,6PJD,1.892,O4 S,96.063,SO4,SULFATE ION
,,,C33 H45 N3 O8,611.726,OQY,"(3R,3aS,6aR)-hexahydrofuro[2,3-b]furan-3-yl [(2S,4S,5S)-4-hydroxy-5-{[N-(methoxycarbonyl)-3-methyl-L-valyl]amino}-1,6-diphenylhexan-2-yl]carbamate"
6PJG,6PJG,1.8,C30 H39 N3 O8,569.646,ORV,"(3R,3aS,6aR)-hexahydrofuro[2,3-b]furan-3-yl [(2S,4S,5S)-4-hydroxy-5-{[N-(methoxycarbonyl)-L-alanyl]amino}-1,6-diphenylhexan-2-yl]carbamate"
6PJF,6PJF,1.94,O4 S,96.063,SO4,SULFATE ION
,,,C34 H45 N3 O8,623.736,OP7,"methyl [(1S)-1-cyclopentyl-2-({(2S,3S,5S)-5-[({[(3R,3aS,6aR)-hexahydrofuro[2,3-b]furan-3-yl]oxy}carbonyl)amino]-3-hydroxy-1,6-diphenylhexan-2-yl}amino)-2-oxoethyl]carbamate"
2O4P,2O4P,1.8,C31 H33 F3 N2 O5 S,602.664,TPV,"N-(3-{(1R)-1-[(6R)-4-HYDROXY-2-OXO-6-PHENETHYL-6-PROPYL-5,6-DIHYDRO-2H-PYRAN-3-YL]PROPYL}PHENYL)-5-(TRIFLUOROMETHYL)-2-PYRIDINESULFONAMIDE"
,,,C3 H8 O3,92.094,GOL,GLYCEROL
2O4N,2O4N,2,C31 H33 F3 N2 O5 S,602.664,TPV,"N-(3-{(1R)-1-[(6R)-4-HYDROXY-2-OXO-6-PHENETHYL-6-PROPYL-5,6-DIHYDRO-2H-PYRAN-3-YL]PROPYL}PHENYL)-5-(TRIFLUOROMETHYL)-2-PYRIDINESULFONAMIDE"
,,,C3 H8 O3,92.094,GOL,GLYCEROL
2O4L,2O4L,1.33,Cl,35.453,CL,CHLORIDE ION
,,,C31 H33 F3 N2 O5 S,602.664,TPV,"N-(3-{(1R)-1-[(6R)-4-HYDROXY-2-OXO-6-PHENETHYL-6-PROPYL-5,6-DIHYDRO-2H-PYRAN-3-YL]PROPYL}PHENYL)-5-(TRIFLUOROMETHYL)-2-PYRIDINESULFONAMIDE"
,,,C3 H8 O3,92.094,GOL,GLYCEROL
1OHR,1OHR,2.1,C32 H45 N3 O4 S,567.782,1UN,2-[2-HYDROXY-3-(3-HYDROXY-2-METHYL-BENZOYLAMINO)-4-PHENYL SULFANYL-BUTYL]-DECAHYDRO-ISOQUINOLINE-3-CARBOXYLIC ACID TERT-BUTYLAMIDE
3WSJ,3WSJ,2.404,C36 H47 N5 O4,613.789,MK1,"N-[2(R)-HYDROXY-1(S)-INDANYL]-5-[(2(S)-TERTIARY
BUTYLAMINOCARBONYL)-4(3-PYRIDYLMETHYL)PIPERAZINO]-4(S)-HYDROXY-2(R)-PHENYLMETHYLPENTANAMIDE"
,,,O4 S,96.063,SO4,SULFATE ION
,,,C8 H18 O5,194.226,PG4,TETRAETHYLENE GLYCOL
2QAK,2QAK,2.2,C32 H45 N3 O4 S,567.782,1UN,2-[2-HYDROXY-3-(3-HYDROXY-2-METHYL-BENZOYLAMINO)-4-PHENYL SULFANYL-BUTYL]-DECAHYDRO-ISOQUINOLINE-3-CARBOXYLIC ACID TERT-BUTYLAMIDE
1SDV,1SDV,1.4,Cl,35.453,CL,CHLORIDE ION
,,,C36 H47 N5 O4,613.789,MK1,"N-[2(R)-HYDROXY-1(S)-INDANYL]-5-[(2(S)-TERTIARY
BUTYLAMINOCARBONYL)-4(3-PYRIDYLMETHYL)PIPERAZINO]-4(S)-HYDROXY-2(R)-PHENYLMETHYLPENTANAMIDE"
1SDU,1SDU,1.25,O4 S,96.063,SO4,SULFATE ION
,,,C2 H3 O2,59.044,ACT,ACETATE ION
,,,C36 H47 N5 O4,613.789,MK1,"N-[2(R)-HYDROXY-1(S)-INDANYL]-5-[(2(S)-TERTIARY
BUTYLAMINOCARBONYL)-4(3-PYRIDYLMETHYL)PIPERAZINO]-4(S)-HYDROXY-2(R)-PHENYLMETHYLPENTANAMIDE"
1SDT,1SDT,1.3,Cl,35.453,CL,CHLORIDE ION
,,,C36 H47 N5 O4,613.789,MK1,"N-[2(R)-HYDROXY-1(S)-INDANYL]-5-[(2(S)-TERTIARY
BUTYLAMINOCARBONYL)-4(3-PYRIDYLMETHYL)PIPERAZINO]-4(S)-HYDROXY-2(R)-PHENYLMETHYLPENTANAMIDE"
1K6C,1K6C,2.2,C2 H3 O2,59.044,ACT,ACETATE ION
,,,C36 H47 N5 O4,613.789,MK1,"N-[2(R)-HYDROXY-1(S)-INDANYL]-5-[(2(S)-TERTIARY
BUTYLAMINOCARBONYL)-4(3-PYRIDYLMETHYL)PIPERAZINO]-4(S)-HYDROXY-2(R)-PHENYLMETHYLPENTANAMIDE"
3N3I,3N3I,2.501,C38 H50 N6 O5,670.841,ROC,"(2S)-N-[(2S,3R)-4-[(2S,3S,4aS,8aS)-3-(tert-butylcarbamoyl)-3,4,4a,5,6,7,8,8a-octahydro-1H-isoquinolin-2-yl]-3-hydroxy-1
-phenyl-butan-2-yl]-2-(quinolin-2-ylcarbonylamino)butanediamide"
1D4S,1D4S,2.5,C31 H33 F3 N2 O5 S,602.664,TPV,"N-(3-{(1R)-1-[(6R)-4-HYDROXY-2-OXO-6-PHENETHYL-6-PROPYL-5,6-DIHYDRO-2H-PYRAN-3-YL]PROPYL}PHENYL)-5-(TRIFLUOROMETHYL)-2-PYRIDINESULFONAMIDE"
1D4Y,1D4Y,1.97,C31 H33 F3 N2 O5 S,602.664,TPV,"N-(3-{(1R)-1-[(6R)-4-HYDROXY-2-OXO-6-PHENETHYL-6-PROPYL-5,6-DIHYDRO-2H-PYRAN-3-YL]PROPYL}PHENYL)-5-(TRIFLUOROMETHYL)-2-PYRIDINESULFONAMIDE"
2AOD,2AOD,1.4,C2 H6 O S,78.133,DMS,DIMETHYL SULFOXIDE
,,,X,,UNX,UNKNOWN ATOM OR ION
,,,C35 H68 N11 O8,770.983,2NC,N-{(2S)-2-[(N-acetyl-L-threonyl-L-isoleucyl)amino]hexyl}-L-norleucyl-L-glutaminyl-N~5~-[amino(iminio)methyl]-L-ornithinamide
,,,C3 H8 O3,92.094,GOL,GLYCEROL
2AOC,2AOC,1.3,X,,UNX,UNKNOWN ATOM OR ION
,,,Na,22.99,NA,SODIUM ION
,,,Cl,35.453,CL,CHLORIDE ION
,,,C2 H6 O S,78.133,DMS,DIMETHYL SULFOXIDE
,,,C3 H8 O3,92.094,GOL,GLYCEROL
,,,C35 H68 N11 O8,770.983,2NC,N-{(2S)-2-[(N-acetyl-L-threonyl-L-isoleucyl)amino]hexyl}-L-norleucyl-L-glutaminyl-N~5~-[amino(iminio)methyl]-L-ornithinamide
3EL5,3EL5,1.6,C2 H3 O2,59.044,ACT,ACETATE ION
,,,C32 H45 N3 O4 S,567.782,1UN,2-[2-HYDROXY-3-(3-HYDROXY-2-METHYL-BENZOYLAMINO)-4-PHENYL SULFANYL-BUTYL]-DECAHYDRO-ISOQUINOLINE-3-CARBOXYLIC ACID TERT-BUTYLAMIDE
3EL0,3EL0,2,C32 H45 N3 O4 S,567.782,1UN,2-[2-HYDROXY-3-(3-HYDROXY-2-METHYL-BENZOYLAMINO)-4-PHENYL SULFANYL-BUTYL]-DECAHYDRO-ISOQUINOLINE-3-CARBOXYLIC ACID TERT-BUTYLAMIDE
,,,O4 P,94.971,PO4,PHOSPHATE ION
,,,C2 H3 O2,59.044,ACT,ACETATE ION
2AVV,2AVV,1.5,C36 H47 N5 O4,613.789,MK1,"N-[2(R)-HYDROXY-1(S)-INDANYL]-5-[(2(S)-TERTIARY
BUTYLAMINOCARBONYL)-4(3-PYRIDYLMETHYL)PIPERAZINO]-4(S)-HYDROXY-2(R)-PHENYLMETHYLPENTANAMIDE"
,,,C2 H4 O2,60.052,ACY,ACETIC ACID
,,,Cl,35.453,CL,CHLORIDE ION
1FB7,1FB7,2.6,C38 H50 N6 O5,670.841,ROC,"(2S)-N-[(2S,3R)-4-[(2S,3S,4aS,8aS)-3-(tert-butylcarbamoyl)-3,4,4a,5,6,7,8,8a-octahydro-1H-isoquinolin-2-yl]-3-hydroxy-1
-phenyl-butan-2-yl]-2-(quinolin-2-ylcarbonylamino)butanediamide"
5T8H,5T8H,"1.85, 2.2",C25 H35 N3 O6 S,505.627,478,{3-[(4-AMINO-BENZENESULFONYL)-ISOBUTYL-AMINO]-1-BENZYL-2-HYDROXY-PROPYL}-CARBAMIC ACID TETRAHYDRO-FURAN-3-YL ESTER
1HSH,1HSH,1.9,C36 H47 N5 O4,613.789,MK1,"N-[2(R)-HYDROXY-1(S)-INDANYL]-5-[(2(S)-TERTIARY
BUTYLAMINOCARBONYL)-4(3-PYRIDYLMETHYL)PIPERAZINO]-4(S)-HYDROXY-2(R)-PHENYLMETHYLPENTANAMIDE"
2AVS,2AVS,1.1,O4 P,94.971,PO4,PHOSPHATE ION
,,,O4 S,96.063,SO4,SULFATE ION
,,,C2 H6 O S,78.133,DMS,DIMETHYL SULFOXIDE
,,,C36 H47 N5 O4,613.789,MK1,"N-[2(R)-HYDROXY-1(S)-INDANYL]-5-[(2(S)-TERTIARY
BUTYLAMINOCARBONYL)-4(3-PYRIDYLMETHYL)PIPERAZINO]-4(S)-HYDROXY-2(R)-PHENYLMETHYLPENTANAMIDE"
,,,C2 H4 O2,60.052,ACY,ACETIC ACID
1MT7,1MT7,1.9,C2 H3 O2,59.044,ACT,ACETATE ION
1MT9,1MT9,2,O4 P,94.971,PO4,PHOSPHATE ION
1HSG,1HSG,2,C36 H47 N5 O4,613.789,MK1,"N-[2(R)-HYDROXY-1(S)-INDANYL]-5-[(2(S)-TERTIARY
BUTYLAMINOCARBONYL)-4(3-PYRIDYLMETHYL)PIPERAZINO]-4(S)-HYDROXY-2(R)-PHENYLMETHYLPENTANAMIDE"
3SM2,3SM2,1.75,C25 H35 N3 O6 S,505.627,478,{3-[(4-AMINO-BENZENESULFONYL)-ISOBUTYL-AMINO]-1-BENZYL-2-HYDROXY-PROPYL}-CARBAMIC ACID TETRAHYDRO-FURAN-3-YL ESTER
3KT5,3KT5,1.801,,,,
3KT2,3KT2,1.651,,,,
4JEC,4JEC,"2.01, 2",Cl,35.453,CL,CHLORIDE ION
,,,C25 H35 N3 O6 S,505.627,478,{3-[(4-AMINO-BENZENESULFONYL)-ISOBUTYL-AMINO]-1-BENZYL-2-HYDROXY-PROPYL}-CARBAMIC ACID TETRAHYDRO-FURAN-3-YL ESTER
1K6V,1K6V,2,C2 H3 O2,59.044,ACT,ACETATE ION
,,,C39 H50 N4 O6,670.837,XN2,"N-[2-HYDROXY-1-INDANYL]-5-[(2-TERTIARYBUTYLAMINOCARBONYL)-4(BENZO[1,3]DIOXOL-5-YLMETHYL)-PIPERAZINO]-4-HYDROXY-2-(1-PHE
NYLETHYL)-PENTANAMIDE"
2BPX,2BPX,2.8,C36 H47 N5 O4,613.789,MK1,"N-[2(R)-HYDROXY-1(S)-INDANYL]-5-[(2(S)-TERTIARY
BUTYLAMINOCARBONYL)-4(3-PYRIDYLMETHYL)PIPERAZINO]-4(S)-HYDROXY-2(R)-PHENYLMETHYLPENTANAMIDE"
1MT8,1MT8,2.15,C2 H3 O2,59.044,ACT,ACETATE ION
1K6T,1K6T,2.25,C2 H3 O2,59.044,ACT,ACETATE ION
,,,C37 H49 N5 O4,627.816,XN1,"N-[2-HYDROXY-1-INDANYL]-5-[(2-TERTIARYBUTYLAMINOCARBONYL)-4(3-PYRIDYLMETHYL)PIPERAZINO]-4-HYDROXY-2-(1-PHENYLETHYL)-PEN
TANAMIDE"
3UHL,3UHL,2.2,O4 S,96.063,SO4,SULFATE ION
,,,C35 H68 N11 O8,770.983,2NC,N-{(2S)-2-[(N-acetyl-L-threonyl-L-isoleucyl)amino]hexyl}-L-norleucyl-L-glutaminyl-N~5~-[amino(iminio)methyl]-L-ornithinamide
3K4V,3K4V,1.39,C2 H6 O S,78.133,DMS,DIMETHYL SULFOXIDE
,,,C38 H50 N6 O5,670.841,ROC,"(2S)-N-[(2S,3R)-4-[(2S,3S,4aS,8aS)-3-(tert-butylcarbamoyl)-3,4,4a,5,6,7,8,8a-octahydro-1H-isoquinolin-2-yl]-3-hydroxy-1
-phenyl-butan-2-yl]-2-(quinolin-2-ylcarbonylamino)butanediamide"
,,,Cl,35.453,CL,CHLORIDE ION
4QGI,4QGI,1.896,C38 H50 N6 O5,670.841,ROC,"(2S)-N-[(2S,3R)-4-[(2S,3S,4aS,8aS)-3-(tert-butylcarbamoyl)-3,4,4a,5,6,7,8,8a-octahydro-1H-isoquinolin-2-yl]-3-hydroxy-1
-phenyl-butan-2-yl]-2-(quinolin-2-ylcarbonylamino)butanediamide"
,,,C3 H8 O3,92.094,GOL,GLYCEROL
2AOG,2AOG,1.1,C35 H68 N11 O8,770.983,2NC,N-{(2S)-2-[(N-acetyl-L-threonyl-L-isoleucyl)amino]hexyl}-L-norleucyl-L-glutaminyl-N~5~-[amino(iminio)methyl]-L-ornithinamide
,,,X,,UNX,UNKNOWN ATOM OR ION
,,,C3 H8 O3,92.094,GOL,GLYCEROL
,,,C2 H4 O2,60.052,ACY,ACETIC ACID
2AOE,2AOE,1.54,Na,22.99,NA,SODIUM ION
,,,Cl,35.453,CL,CHLORIDE ION
,,,C2 H6 O S,78.133,DMS,DIMETHYL SULFOXIDE
,,,C2 H4 O2,60.052,ACY,ACETIC ACID
,,,C3 H8 O3,92.094,GOL,GLYCEROL
,,,C40 H70 N11 O8,833.053,0Q4,N-[(2R)-2-({N~5~-[amino(iminio)methyl]-L-ornithyl-L-valyl}amino)-4-methylpentyl]-L-phenylalanyl-L-alpha-glutamyl-L-alanyl-L-norleucinamide
5KQX,5KQX,2.4,C38 H50 N6 O5,670.841,ROC,"(2S)-N-[(2S,3R)-4-[(2S,3S,4aS,8aS)-3-(tert-butylcarbamoyl)-3,4,4a,5,6,7,8,8a-octahydro-1H-isoquinolin-2-yl]-3-hydroxy-1
-phenyl-butan-2-yl]-2-(quinolin-2-ylcarbonylamino)butanediamide"
5KR2,5KR2,1.78,C38 H50 N6 O5,670.841,ROC,"(2S)-N-[(2S,3R)-4-[(2S,3S,4aS,8aS)-3-(tert-butylcarbamoyl)-3,4,4a,5,6,7,8,8a-octahydro-1H-isoquinolin-2-yl]-3-hydroxy-1
-phenyl-butan-2-yl]-2-(quinolin-2-ylcarbonylamino)butanediamide"
1K6P,1K6P,2.2,C2 H3 O2,59.044,ACT,ACETATE ION
,,,C38 H48 N4 O6,656.811,XN3,"N-[2(R)-HYDROXY-1(S)-INDANYL]-5-[(2(S)-TERTIARY BUTYLAMINOCARBONYL)-4(BENZO[1,3]DIOXOL-5-YLMETHYL)-PIPERAZINO]-4(S)-HYDROXY-2(R)-PHENYLMETHYLPENTANAMIDE"
3EKQ,3EKQ,2.2,C38 H50 N6 O5,670.841,ROC,"(2S)-N-[(2S,3R)-4-[(2S,3S,4aS,8aS)-3-(tert-butylcarbamoyl)-3,4,4a,5,6,7,8,8a-octahydro-1H-isoquinolin-2-yl]-3-hydroxy-1
-phenyl-butan-2-yl]-2-(quinolin-2-ylcarbonylamino)butanediamide"
,,,O4 P,94.971,PO4,PHOSPHATE ION
3EL4,3EL4,2,C38 H50 N6 O5,670.841,ROC,"(2S)-N-[(2S,3R)-4-[(2S,3S,4aS,8aS)-3-(tert-butylcarbamoyl)-3,4,4a,5,6,7,8,8a-octahydro-1H-isoquinolin-2-yl]-3-hydroxy-1
-phenyl-butan-2-yl]-2-(quinolin-2-ylcarbonylamino)butanediamide"
,,,C2 H3 O2,59.044,ACT,ACETATE ION
2AVO,2AVO,1.1,O4 S,96.063,SO4,SULFATE ION
,,,C2 H6 O S,78.133,DMS,DIMETHYL SULFOXIDE
,,,C36 H47 N5 O4,613.789,MK1,"N-[2(R)-HYDROXY-1(S)-INDANYL]-5-[(2(S)-TERTIARY
BUTYLAMINOCARBONYL)-4(3-PYRIDYLMETHYL)PIPERAZINO]-4(S)-HYDROXY-2(R)-PHENYLMETHYLPENTANAMIDE"
,,,C2 H4 O2,60.052,ACY,ACETIC ACID
,,,C3 H8 O3,92.094,GOL,GLYCEROL
2AOJ,2AOJ,1.6,C2 H6 O S,78.133,DMS,DIMETHYL SULFOXIDE
,,,C2 H4 O2,60.052,ACY,ACETIC ACID
,,,C3 H8 O3,92.094,GOL,GLYCEROL
3EKV,3EKV,1.75,C25 H35 N3 O6 S,505.627,478,{3-[(4-AMINO-BENZENESULFONYL)-ISOBUTYL-AMINO]-1-BENZYL-2-HYDROXY-PROPYL}-CARBAMIC ACID TETRAHYDRO-FURAN-3-YL ESTER
,,,C2 H3 O2,59.044,ACT,ACETATE ION
3EKP,3EKP,2.15,O4 P,94.971,PO4,PHOSPHATE ION
,,,C2 H3 O2,59.044,ACT,ACETATE ION
,,,C25 H35 N3 O6 S,505.627,478,{3-[(4-AMINO-BENZENESULFONYL)-ISOBUTYL-AMINO]-1-BENZYL-2-HYDROXY-PROPYL}-CARBAMIC ACID TETRAHYDRO-FURAN-3-YL ESTER
1HXB,1HXB,2.3,C38 H50 N6 O5,670.841,ROC,"(2S)-N-[(2S,3R)-4-[(2S,3S,4aS,8aS)-3-(tert-butylcarbamoyl)-3,4,4a,5,6,7,8,8a-octahydro-1H-isoquinolin-2-yl]-3-hydroxy-1
-phenyl-butan-2-yl]-2-(quinolin-2-ylcarbonylamino)butanediamide"
3PWW,3PWW,1.22,C38 H50 N6 O5,670.841,ROC,"(2S)-N-[(2S,3R)-4-[(2S,3S,4aS,8aS)-3-(tert-butylcarbamoyl)-3,4,4a,5,6,7,8,8a-octahydro-1H-isoquinolin-2-yl]-3-hydroxy-1
-phenyl-butan-2-yl]-2-(quinolin-2-ylcarbonylamino)butanediamide"
,,,C3 H8 O3,92.094,GOL,GLYCEROL
4OBD,4OBD,1.9,C3 H8 O3,92.094,GOL,GLYCEROL
,,,C2 H6 O2,62.068,EDO,"1,2-ETHANEDIOL"
4OBF,4OBF,1.68,C3 H8 O3,92.094,GOL,GLYCEROL
,,,C2 H6 O2,62.068,EDO,"1,2-ETHANEDIOL"
,,,O4 P,94.971,PO4,PHOSPHATE ION
,,,C2 H3 O2,59.044,ACT,ACETATE ION
1HPV,1HPV,1.9,C25 H35 N3 O6 S,505.627,478,{3-[(4-AMINO-BENZENESULFONYL)-ISOBUTYL-AMINO]-1-BENZYL-2-HYDROXY-PROPYL}-CARBAMIC ACID TETRAHYDRO-FURAN-3-YL ESTER
1A9M,1A9M,2.3,C28 H52 N8 O6,596.762,U0E,N-[[1-[N-ACETAMIDYL]-[1-CYCLOHEXYLMETHYL-2-HYDROXY-4-ISOPROPYL]-BUT-4-YL]-CARBONYL]-GLUTAMINYL-ARGINYL-AMIDE
4OBG,4OBG,1.78,C3 H8 O3,92.094,GOL,GLYCEROL
,,,O4 P,94.971,PO4,PHOSPHATE ION
,,,C2 H6 O2,62.068,EDO,"1,2-ETHANEDIOL"
3TJS,3TJS,2.25,C34 H32 Fe N4 O4,616.487,HEM,PROTOPORPHYRIN IX CONTAINING FE
,,,C32 H45 N5 O3 S,579.796,D0R,"N-[(2S,4S,5S)-5-amino-4-hydroxy-1,6-diphenylhexan-2-yl]-N~2~-(methyl{[2-(propan-2-yl)-1,3-thiazol-4-yl]methyl}carbamoyl)-L-valinamide"
4I3Q,4I3Q,2.602,C34 H32 Fe N4 O4,616.487,HEM,PROTOPORPHYRIN IX CONTAINING FE
4I4G,4I4G,2.718,C34 H32 Fe N4 O4,616.487,HEM,PROTOPORPHYRIN IX CONTAINING FE
,,,C37 H48 N6 O5 S,688.879,Z8Z,"N~2~-(methyl{[2-(propan-2-yl)-1,3-thiazol-4-yl]methyl}carbamoyl)-N-[(2R,5R)-5-{[(1,3-oxazol-5-ylmethoxy)carbonyl]amino}-1,6-diphenylhexan-2-yl]-L-valinamide"
4I4H,4I4H,2.9,C34 H32 Fe N4 O4,616.487,HEM,PROTOPORPHYRIN IX CONTAINING FE
,,,C39 H50 N6 O4 S,698.917,Z9Z,"pyridin-3-ylmethyl [(2R,5S)-5-{[N-(methyl{[2-(propan-2-yl)-1,3-thiazol-4-yl]methyl}carbamoyl)-D-valyl]amino}-1,6-diphenylhexan-2-yl]carbamate"
4OBJ,4OBJ,1.75,C3 H8 O3,92.094,GOL,GLYCEROL
,,,C2 H3 O2,59.044,ACT,ACETATE ION
,,,C2 H6 O2,62.068,EDO,"1,2-ETHANEDIOL"
4OBK,4OBK,1.65,C3 H8 O3,92.094,GOL,GLYCEROL
,,,C2 H6 O2,62.068,EDO,"1,2-ETHANEDIOL"
,,,C2 H3 O2,59.044,ACT,ACETATE ION
4NPU,4NPU,1.5,,,,
6DJ5,6DJ5,1.75,Na,22.99,NA,SODIUM ION
,,,Cl,35.453,CL,CHLORIDE ION
,,,C3 H8 O3,92.094,GOL,GLYCEROL
,,,C30 H40 N2 O9 S,604.712,G52,"(3R,3aS,3bR,6aS,7aS)-octahydrodifuro[2,3-b:3',2'-d]furan-3-yl [(1S,2R)-1-benzyl-2-hydroxy-3-{[(4-methoxyphenyl)sulfonyl](2-methylpropyl)amino}propyl]carbamate"
6DJ7,6DJ7,1.31,Na,22.99,NA,SODIUM ION
,,,Cl,35.453,CL,CHLORIDE ION
,,,C3 H8 O3,92.094,GOL,GLYCEROL
,,,C27 H35 F2 N3 O7 S,583.645,G10,"(3R,3aS,6aS)-4,4-difluorohexahydrofuro[2,3-b]furan-3-yl [(2S,3R)-4-{[(4-aminophenyl)sulfonyl](2-methylpropyl)amino}-3-hydroxy-1-phenylbutan-2-yl]carbamate"
,,,C2 H3 O2,59.044,ACT,ACETATE ION
5T2E,5T2E,1.5,Cl,35.453,CL,CHLORIDE ION
5COK,5COK,1.801,C29 H40 N2 O8 S,576.701,52U,"(3aS,4S,7aR)-hexahydro-4H-furo[2,3-b]pyran-4-yl
[(2S,3R)-3-hydroxy-4-{[(4-methoxyphenyl)sulfonyl](2-methylpropyl)amino}-1-phenylbutan-2-yl]carbamate"
5CON,5CON,1.8,C29 H40 N2 O9 S,592.701,52W,"(3R,3aS,4S,7aS)-3-hydroxyhexahydro-4H-furo[2,3-b]pyran-4-yl [(2S,3R)-3-hydroxy-4-{[(4-methoxyphenyl)sulfonyl](2-methylpropyl)amino}-1-phenylbutan-2-yl]carbamate"
5COP,5COP,2,C29 H41 N3 O9 S,607.716,53F,"(3R,3aS,4S,7aS)-3-hydroxyhexahydro-4H-furo[2,3-b]pyran-4-yl [(2S,3R)-4-{[(4-aminophenyl)sulfonyl](2-methylpropyl)amino}-3-hydroxy-1-(4-methoxyphenyl)butan-2-yl]carbamate"
5COO,5COO,1.8,C30 H42 N2 O10 S,622.727,52Z,"(3R,3aS,4S,7aS)-3-hydroxyhexahydro-4H-furo[2,3-b]pyran-4-yl
[(2S,3R)-3-hydroxy-1-(4-methoxyphenyl)-4-{[(4-methoxyphenyl)sulfonyl](2-methylpropyl)amino}butan-2-yl]carbamate"
4OBH,4OBH,1.85,C3 H8 O3,92.094,GOL,GLYCEROL
,,,C2 H6 O2,62.068,EDO,"1,2-ETHANEDIOL"
,,,C2 H3 O2,59.044,ACT,ACETATE ION
,,,O4 P,94.971,PO4,PHOSPHATE ION
3EC0,3EC0,1.18,C29 H40 N2 O7 S,560.702,GRL,"(3AS,5R,6AR)-HEXAHYDRO-2H-CYCLOPENTA[B]FURAN-5-YL (2S,3S)-3-HYDROXY-4-(4-(HYDROXYMETHYL)-N-ISOBUTYLPHENYLSULFONAMIDO)-1-PHENYLBUTAN-2-YLCARBAMATE"
,,,C3 H5 N2,69.085,IMD,IMIDAZOLE
,,,Zn,65.409,ZN,ZINC ION
,,,Cl,35.453,CL,CHLORIDE ION
,,,Na,22.99,NA,SODIUM ION
3ECG,3ECG,1.18,C28 H36 N2 O9 S,576.658,65,"(3R,3AS,6AR)-HEXAHYDROFURO[2,3-B]FURAN-3-YL(2S,3R)-3-HYDROXY-4-(N-ISOBUTYLBENZO[D][1,3]DIOXOLE-5-SULFONAMIDO)-1-PHENYLBUTAN-2-YLCARBAMATE"
,,,C3 H5 N2,69.085,IMD,IMIDAZOLE
,,,Zn,65.409,ZN,ZINC ION
,,,Cl,35.453,CL,CHLORIDE ION
,,,Na,22.99,NA,SODIUM ION
6DH2,6DH2,1.978,O4 S,96.063,SO4,SULFATE ION
,,,C29 H41 N3 O7 S,575.717,A60,"(3R,3aS,6aR)-hexahydrofuro[2,3-b]furan-3-yl [(1S,2R)-3-{[(4-aminophenyl)sulfonyl](2-ethylbutyl)amino}-1-benzyl-2-hydroxypropyl]carbamate"
6DH5,6DH5,2.008,O4 S,96.063,SO4,SULFATE ION
,,,C29 H41 N3 O7 S,575.717,A60,"(3R,3aS,6aR)-hexahydrofuro[2,3-b]furan-3-yl [(1S,2R)-3-{[(4-aminophenyl)sulfonyl](2-ethylbutyl)amino}-1-benzyl-2-hydroxypropyl]carbamate"
6DH4,6DH4,1.943,O4 S,96.063,SO4,SULFATE ION
,,,C28 H39 N3 O7 S,561.69,K13,"(3R,3aS,6aR)-hexahydrofuro[2,3-b]furan-3-yl [(1S,2R)-3-{[(4-aminophenyl)sulfonyl][(2S)-2-methylbutyl]amino}-1-benzyl-2-hydroxypropyl]carbamate"
6DH7,6DH7,1.997,O4 S,96.063,SO4,SULFATE ION
,,,C28 H39 N3 O7 S,561.69,K13,"(3R,3aS,6aR)-hexahydrofuro[2,3-b]furan-3-yl [(1S,2R)-3-{[(4-aminophenyl)sulfonyl][(2S)-2-methylbutyl]amino}-1-benzyl-2-hydroxypropyl]carbamate"
6DH8,6DH8,1.951,O4 S,96.063,SO4,SULFATE ION
,,,C29 H41 N3 O7 S,575.717,A60,"(3R,3aS,6aR)-hexahydrofuro[2,3-b]furan-3-yl [(1S,2R)-3-{[(4-aminophenyl)sulfonyl](2-ethylbutyl)amino}-1-benzyl-2-hydroxypropyl]carbamate"
6DH1,6DH1,1.971,O4 S,96.063,SO4,SULFATE ION
,,,C28 H39 N3 O7 S,561.69,K13,"(3R,3aS,6aR)-hexahydrofuro[2,3-b]furan-3-yl [(1S,2R)-3-{[(4-aminophenyl)sulfonyl][(2S)-2-methylbutyl]amino}-1-benzyl-2-hydroxypropyl]carbamate"
6DGZ,6DGZ,1.994,O4 S,96.063,SO4,SULFATE ION
,,,C29 H41 N3 O7 S,575.717,A60,"(3R,3aS,6aR)-hexahydrofuro[2,3-b]furan-3-yl [(1S,2R)-3-{[(4-aminophenyl)sulfonyl](2-ethylbutyl)amino}-1-benzyl-2-hydroxypropyl]carbamate"
6DGY,6DGY,1.954,O4 S,96.063,SO4,SULFATE ION
,,,C28 H39 N3 O7 S,561.69,K13,"(3R,3aS,6aR)-hexahydrofuro[2,3-b]furan-3-yl [(1S,2R)-3-{[(4-aminophenyl)sulfonyl][(2S)-2-methylbutyl]amino}-1-benzyl-2-hydroxypropyl]carbamate"
6BD5,6BD5,2.5,C34 H32 Fe N4 O4,616.487,HEM,PROTOPORPHYRIN IX CONTAINING FE
,,,C21 H34 N4 O3 S,422.585,D7M,tert-butyl (2-{[(2R)-2-(cyclopentylamino)-3-oxo-3-{[(pyridin-3-yl)methyl]amino}propyl]sulfanyl}ethyl)carbamate
6BD6,6BD6,2.5,C34 H32 Fe N4 O4,616.487,HEM,PROTOPORPHYRIN IX CONTAINING FE
,,,C22 H30 N4 O3 S,430.564,80K,tert-butyl (2-{[(2S)-3-oxo-2-(phenylamino)-3-{[(pyridin-3-yl)methyl]amino}propyl]sulfanyl}ethyl)carbamate
6BDK,6BDK,2.67,C34 H32 Fe N4 O4,616.487,HEM,PROTOPORPHYRIN IX CONTAINING FE
,,,C30 H41 N5 O3 S,551.743,DJ1,tert-butyl [(2S)-1-{[(2R)-2-(cyclopentylamino)-3-oxo-3-{[(pyridin-3-yl)methyl]amino}propyl]sulfanyl}-3-(1H-indol-3-yl)propan-2-yl]carbamate
6BCZ,6BCZ,2.23,C34 H32 Fe N4 O4,616.487,HEM,PROTOPORPHYRIN IX CONTAINING FE
,,,C19 H32 N4 O3 S,396.547,D7Y,tert-butyl (2-{[(2R)-3-oxo-2-[(propan-2-yl)amino]-3-{[(pyridin-3-yl)methyl]amino}propyl]sulfanyl}ethyl)carbamate
2I4X,2I4X,1.55,C33 H49 N2 O12 P S,728.787,KGQ,"DIETHYL ({4-[(2S,3R)-2-({[(3R,3AS,6AR)-HEXAHYDROFURO[2,3-B]FURAN-3-YLOXY]CARBONYL}AMINO)-3-HYDROXY-4-{ISOBUTYL[(4-METHOXYPHENYL)SULFONYL]AMINO}BUTYL]PHENOXY}METHYL)PHOSPHONATE"
2I4W,2I4W,1.55,C33 H49 N2 O12 P S,728.787,KGQ,"DIETHYL ({4-[(2S,3R)-2-({[(3R,3AS,6AR)-HEXAHYDROFURO[2,3-B]FURAN-3-YLOXY]CARBONYL}AMINO)-3-HYDROXY-4-{ISOBUTYL[(4-METHOXYPHENYL)SULFONYL]AMINO}BUTYL]PHENOXY}METHYL)PHOSPHONATE"
2I4V,2I4V,1.5,C28 H38 N2 O8 S,562.675,DJR,"(3R,3AS,6AR)-HEXAHYDROFURO[2,3-B]FURAN-3-YL [(1S,2R)-1-BENZYL-2-HYDROXY-3-{ISOBUTYL[(4-METHOXYPHENYL)SULFONYL]AMINO}PROPYL]CARBAMATE"
2I4U,2I4U,1.5,C28 H38 N2 O8 S,562.675,DJR,"(3R,3AS,6AR)-HEXAHYDROFURO[2,3-B]FURAN-3-YL [(1S,2R)-1-BENZYL-2-HYDROXY-3-{ISOBUTYL[(4-METHOXYPHENYL)SULFONYL]AMINO}PROPYL]CARBAMATE"
2I4D,2I4D,1.5,C29 H41 N2 O12 P S,672.681,QFI,"({4-[(2S,3R)-2-({[(3R,3AS,6AR)-HEXAHYDROFURO[2,3-B]FURAN-3-YLOXY]CARBONYL}AMINO)-3-HYDROXY-4-{ISOBUTYL[(4-METHOXYPHENYL)SULFONYL]AMINO}BUTYL]PHENOXY}METHYL)PHOSPHONIC ACID"
6B4N,6B4N,1.3,C32 H39 N3 O10 S,657.731,G53,"methyl 2-{4-[{(2R,3S)-3-[({[(3R,3aS,6aR)-hexahydrofuro[2,3-b]furan-3-yl]oxy}carbonyl)amino]-2-hydroxy-4-phenylbutyl}(2-methylpropyl)sulfamoyl]phenyl}-1,3-oxazole-4-carboxylate"
,,,Na,22.99,NA,SODIUM ION
,,,Cl,35.453,CL,CHLORIDE ION
5KR0,5KR0,1.8,C25 H35 N3 O6 S,505.627,478,{3-[(4-AMINO-BENZENESULFONYL)-ISOBUTYL-AMINO]-1-BENZYL-2-HYDROXY-PROPYL}-CARBAMIC ACID TETRAHYDRO-FURAN-3-YL ESTER
,,,C3 H8 O3,92.094,GOL,GLYCEROL
6DAC,6DAC,2.55,C34 H32 Fe N4 O4,616.487,HEM,PROTOPORPHYRIN IX CONTAINING FE
,,,C30 H37 N3 O3 S,519.698,FZV,tert-butyl [(2S)-1-{[(2R)-1-oxo-3-phenyl-1-{[2-(pyridin-3-yl)ethyl]amino}propan-2-yl]sulfanyl}-3-phenylpropan-2-yl]carbamate
6DAG,6DAG,2.8,C34 H32 Fe N4 O4,616.487,HEM,PROTOPORPHYRIN IX CONTAINING FE
,,,C30 H37 N3 O3 S,519.698,G0Y,tert-butyl [(2R)-1-{[(2S)-1-oxo-3-phenyl-1-{[2-(pyridin-3-yl)ethyl]amino}propan-2-yl]sulfanyl}-3-phenylpropan-2-yl]carbamate
6DAA,6DAA,2.15,C34 H32 Fe N4 O4,616.487,HEM,PROTOPORPHYRIN IX CONTAINING FE
,,,C29 H35 N3 O3 S,505.672,G0M,tert-butyl [(2S)-1-{[(2R)-1-oxo-3-phenyl-1-{[(pyridin-3-yl)methyl]amino}propan-2-yl]sulfanyl}-3-phenylpropan-2-yl]carbamate
6DA3,6DA3,2.37,C34 H32 Fe N4 O4,616.487,HEM,PROTOPORPHYRIN IX CONTAINING FE
,,,C29 H35 N3 O3 S,505.672,G0D,tert-butyl [(2R)-1-{[(2R)-1-oxo-3-phenyl-1-{[(pyridin-3-yl)methyl]amino}propan-2-yl]sulfanyl}-3-phenylpropan-2-yl]carbamate
6DA5,6DA5,2.25,C34 H32 Fe N4 O4,616.487,HEM,PROTOPORPHYRIN IX CONTAINING FE
,,,C29 H35 N3 O3 S,505.672,G1J,tert-butyl [(2R)-1-{[(2S)-1-oxo-3-phenyl-1-{[(pyridin-3-yl)methyl]amino}propan-2-yl]sulfanyl}-3-phenylpropan-2-yl]carbamate
6DA8,6DA8,2.802,C34 H32 Fe N4 O4,616.487,HEM,PROTOPORPHYRIN IX CONTAINING FE
,,,C29 H36 N4 O3,488.621,G0J,Nalpha-{(2S)-2-[(tert-butoxycarbonyl)amino]-3-phenylpropyl}-N-[(pyridin-3-yl)methyl]-D-phenylalaninamide
6MKL,6MKL,1.7,C33 H40 F2 N4 O7 S2,706.82,7OA,"(3S,3aR,5R,7aS,8S)-hexahydro-4H-3,5-methanofuro[2,3-b]pyran-8-yl [(2S,3R)-4-[{[2-(cyclopropylamino)-1,3-benzothiazol-6-yl]sulfonyl}(2-methylpropyl)amino]-1-(3,5-difluorophenyl)-3-hydroxybutan-2-yl]carbamate"
6MK9,6MK9,1.7,C33 H42 N4 O7 S2,670.839,7O7,"(3S,3aR,5R,7aS,8S)-hexahydro-4H-3,5-methanofuro[2,3-b]pyran-8-yl {(2S,3R)-4-[{[2-(cyclopropylamino)-1,3-benzothiazol-6-yl]sulfonyl}(2-methylpropyl)amino]-3-hydroxy-1-phenylbutan-2-yl}carbamate"
4K9T,4K9T,2.5,C34 H32 Fe N4 O4,616.487,HEM,PROTOPORPHYRIN IX CONTAINING FE
,,,C23 H36 N6 O4 S2,524.7,1RD,"N~2~-(methyl{[2-(propan-2-yl)-1,3-thiazol-4-yl]methyl}carbamoyl)-N-(4-{[(1,3-thiazol-5-ylmethoxy)carbonyl]amino}butyl)-L-valinamide"
4K9U,4K9U,2.85,C34 H32 Fe N4 O4,616.487,HEM,PROTOPORPHYRIN IX CONTAINING FE
,,,C25 H40 N6 O4 S2,552.753,5AW,"N~2~-(methyl{[2-(propan-2-yl)-1,3-thiazol-4-yl]methyl}carbamoyl)-N-[(2S,5S)-5-{[(1,3-thiazol-5-ylmethoxy)carbonyl]amino}hexan-2-yl]-D-valinamide"
4K9V,4K9V,2.6,C34 H32 Fe N4 O4,616.487,HEM,PROTOPORPHYRIN IX CONTAINING FE
,,,C25 H40 N6 O5 S2,568.752,6AW,"1,3-thiazol-5-ylmethyl [(3S,6S)-6-{[N-(methyl{[2-(propan-2-yl)-1,3-thiazol-4-yl]methyl}carbamoyl)-L-seryl]amino}octan-3-yl]carbamate"
4K9X,4K9X,2.76,C34 H32 Fe N4 O4,616.487,HEM,PROTOPORPHYRIN IX CONTAINING FE
,,,C28 H35 N3 O3 S,493.661,8AW,"1,3-thiazol-5-ylmethyl [(2R,5R)-5-{[(2S)-2-methylbutanoyl]amino}-1,6-diphenylhexan-2-yl]carbamate"
6MJM,6MJM,2.2,C34 H32 Fe N4 O4,616.487,HEM,PROTOPORPHYRIN IX CONTAINING FE
,,,C3 H8 O3,92.094,GOL,GLYCEROL
2G69,2G69,1.35,,,,
2Z4O,2Z4O,1.6,Na,22.99,NA,SODIUM ION
,,,Cl,35.453,CL,CHLORIDE ION
,,,C2 H3 O2,59.044,ACT,ACETATE ION
,,,C28 H36 N2 O9 S,576.658,65,"(3R,3AS,6AR)-HEXAHYDROFURO[2,3-B]FURAN-3-YL(2S,3R)-3-HYDROXY-4-(N-ISOBUTYLBENZO[D][1,3]DIOXOLE-5-SULFONAMIDO)-1-PHENYLBUTAN-2-YLCARBAMATE"
2QD8,2QD8,1.35,Na,22.99,NA,SODIUM ION
,,,Cl,35.453,CL,CHLORIDE ION
,,,C2 H3 O2,59.044,ACT,ACETATE ION
,,,C28 H36 N2 O9 S,576.658,65,"(3R,3AS,6AR)-HEXAHYDROFURO[2,3-B]FURAN-3-YL(2S,3R)-3-HYDROXY-4-(N-ISOBUTYLBENZO[D][1,3]DIOXOLE-5-SULFONAMIDO)-1-PHENYLBUTAN-2-YLCARBAMATE"
2QD6,2QD6,1.28,Na,22.99,NA,SODIUM ION
,,,Cl,35.453,CL,CHLORIDE ION
,,,C2 H3 O2,59.044,ACT,ACETATE ION
,,,C28 H36 N2 O9 S,576.658,65,"(3R,3AS,6AR)-HEXAHYDROFURO[2,3-B]FURAN-3-YL(2S,3R)-3-HYDROXY-4-(N-ISOBUTYLBENZO[D][1,3]DIOXOLE-5-SULFONAMIDO)-1-PHENYLBUTAN-2-YLCARBAMATE"
2QCI,2QCI,1.2,Na,22.99,NA,SODIUM ION
,,,Cl,35.453,CL,CHLORIDE ION
,,,C2 H3 O2,59.044,ACT,ACETATE ION
,,,C28 H36 N2 O9 S,576.658,65,"(3R,3AS,6AR)-HEXAHYDROFURO[2,3-B]FURAN-3-YL(2S,3R)-3-HYDROXY-4-(N-ISOBUTYLBENZO[D][1,3]DIOXOLE-5-SULFONAMIDO)-1-PHENYLBUTAN-2-YLCARBAMATE"
4K9W,4K9W,2.399,C34 H32 Fe N4 O4,616.487,HEM,PROTOPORPHYRIN IX CONTAINING FE
,,,C33 H48 N6 O4 S2,656.902,7AW,"N~2~-(methyl{[2-(propan-2-yl)-1,3-thiazol-4-yl]methyl}carbamoyl)-N-[(2R,5S)-1-phenyl-5-{[(1,3-thiazol-5-ylmethoxy)carbonyl]amino}octan-2-yl]-L-valinamide"
5B18,5B18,1.8,Cl,35.453,CL,CHLORIDE ION
,,,C2 H3 O2,59.044,ACT,ACETATE ION
4GYE,4GYE,2.27,,,,
4GZF,4GZF,2.05,,,,
2Q55,2Q55,1.9,O4 P,94.971,PO4,PHOSPHATE ION
,,,C37 H45 N5 O6,655.783,MU0,"(5S)-N-[(1S,2S,4S)-1-BENZYL-2-HYDROXY-4-{[(2S)-3-METHYL-2-(2-OXOTETRAHYDROPYRIMIDIN-1(2H)-YL)BUTANOYL]AMINO}-5-PHENYLPENTYL]-2-OXO-3-PHENYL-1,3-OXAZOLIDINE-5-CARBOXAMIDE"
2Q54,2Q54,1.85,O4 P,94.971,PO4,PHOSPHATE ION
,,,C2 H3 O2,59.044,ACT,ACETATE ION
,,,C37 H44 N4 O7,656.768,MU1,"N~2~-ACETYL-N-[(1S,3S,4S)-4-({[(5S)-3-(3-ACETYLPHENYL)-2-OXO-1,3-OXAZOLIDIN-5-YL]CARBONYL}AMINO)-1-BENZYL-3-HYDROXY-5-PHENYLPENTYL]-L-VALINAMIDE"
1RPI,1RPI,1.86,C6 H12 O6,180.156,GLC,alpha-D-glucopyranose
1RQ9,1RQ9,2.6,C33 H36 N4 O3,536.664,DMQ,"[4-R-(-4-ALPHA,5-ALPHA,6-BETA,7-BETA)]-HEXAHYDRO-5,6-BIS(HYDROXY)-1,3-BIS([(3-AMINO)PHENYL]METHYL)-4,7-BIS(PHENYLMETHYL)-2H-1,3-DIAZEPINONE"
5AH7,5AH7,1.55,Cl,35.453,CL,CHLORIDE ION
,,,C27 H36 Cl N3 O7 S,582.109,C7J,"(3R,3aS,4R,6aS)-4-chlorohexahydrofuro[2,3-b]furan-3-yl [(2S,3R)-4-{[(4-aminophenyl)sulfonyl](2-methylpropyl)amino}-3-hydroxy-1-phenylbutan-2-yl]carbamate"
5AH6,5AH6,1.5,Cl,35.453,CL,CHLORIDE ION
,,,C29 H37 Cl N4 O8 S,637.144,C7U,"(3R,3aS,4R,6aS)-4-chlorohexahydrofuro[2,3-b]furan-3-yl {(2S,3R)-3-hydroxy-4-[{[2-(methylamino)-1,3-benzoxazol-6-yl]sulfonyl}(2-methylpropyl)amino]-1-phenylbutan-2-yl}carbamate"
5AH9,5AH9,1.44,Cl,35.453,CL,CHLORIDE ION
,,,C30 H43 N3 O9 S,621.742,C7L,"(3R,3aS,4R,6aR)-4-(2-methoxyethoxy)hexahydrofuro[2,3-b]furan-3-yl [(2S,3R)-4-{[(4-aminophenyl)sulfonyl](2-methylpropyl)amino}-3-hydroxy-1-phenylbutan-2-yl]carbamate"
5AH8,5AH8,1.26,Cl,35.453,CL,CHLORIDE ION
,,,C32 H41 F3 N4 O9 S,714.75,C7W,"(3R,3aS,4R,6aR)-4-(3,3,3-trifluoropropoxy)hexahydrofuro[2,3-b]furan-3-yl {(2S,3R)-3-hydroxy-4-[{[2-(methylamino)-1,3-benzoxazol-6-yl]sulfonyl}(2-methylpropyl)amino]-1-phenylbutan-2-yl}carbamate"
5AGZ,5AGZ,1.2,Cl,35.453,CL,CHLORIDE ION
,,,C32 H41 F N4 O9 S,676.753,QHA,"(3R,3aS,4R,6aR)-4-[(2-fluoroprop-2-en-1-yl)oxy]hexahydrofuro[2,3-b]furan-3-yl {(2S,3R)-3-hydroxy-4-[{[2-(methylamino)-1,3-benzoxazol-6-yl]sulfonyl}(2-methylpropyl)amino]-1-phenylbutan-2-yl}carbamate"
5AHA,5AHA,1.35,Cl,35.453,CL,CHLORIDE ION
,,,C32 H44 N4 O10 S,676.778,ZLP,"(3R,3aS,4R,6aR)-4-(2-methoxyethoxy)hexahydrofuro[2,3-b]furan-3-yl {(2S,3R)-3-hydroxy-4-[{[(2Z)-2-(methylimino)-2,3-dihydro-1,3-benzoxazol-6-yl]sulfonyl}(2-methylpropyl)amino]-1-phenylbutan-2-yl}carbamate"
5AHC,5AHC,1.5,Cl,35.453,CL,CHLORIDE ION
,,,C31 H43 N3 O10 S,649.752,VXL,"(3R,3aS,4R,6aR)-4-[2-(methylamino)-2-oxoethoxy]hexahydrofuro[2,3-b]furan-3-yl [(2S,3R)-3-hydroxy-4-{[(4-methoxyphenyl)sulfonyl](2-methylpropyl)amino}-1-phenylbutan-2-yl]carbamate"
5AHB,5AHB,1.5,Cl,35.453,CL,CHLORIDE ION
,,,C32 H43 N5 O10 S,689.776,J5L,"(3R,3aS,4R,6aR)-4-[2-(methylamino)-2-oxoethoxy]hexahydrofuro[2,3-b]furan-3-yl {(2S,3R)-3-hydroxy-4-[{[(2Z)-2-(methylimino)-2,3-dihydro-1,3-benzoxazol-6-yl]sulfonyl}(2-methylpropyl)amino]-1-phenylbutan-2-yl}carbamate"
6UNH,6UNH,2.72,C34 H32 Fe N4 O4,616.487,HEM,PROTOPORPHYRIN IX CONTAINING FE
,,,C32 H38 N4 O3 S,558.734,QEA,tert-butyl [(2R)-1-(1H-indol-3-yl)-3-{[(2S)-1-oxo-3-phenyl-1-{[2-(pyridin-3-yl)ethyl]amino}propan-2-yl]sulfanyl}propan-2-yl]carbamate
6UNG,6UNG,2.3,C34 H32 Fe N4 O4,616.487,HEM,PROTOPORPHYRIN IX CONTAINING FE
,,,C33 H38 N4 O3 S,570.745,QEP,tert-butyl [(2S)-1-(naphthalen-1-yl)-3-{[(2R)-3-oxo-2-(phenylamino)-3-{[(pyridin-3-yl)methyl]amino}propyl]sulfanyl}propan-2-yl]carbamate
6UNJ,6UNJ,2.6,C34 H32 Fe N4 O4,616.487,HEM,PROTOPORPHYRIN IX CONTAINING FE
,,,C34 H39 N3 O3 S,569.757,QDY,tert-butyl [(2R)-1-(naphthalen-1-yl)-3-{[(2S)-1-oxo-3-phenyl-1-{[2-(pyridin-3-yl)ethyl]amino}propan-2-yl]sulfanyl}propan-2-yl]carbamate
6UNI,6UNI,2.602,C34 H32 Fe N4 O4,616.487,HEM,PROTOPORPHYRIN IX CONTAINING FE
,,,C32 H38 N4 O3 S,558.734,QDV,tert-butyl [(2S)-1-(1H-indol-3-yl)-3-{[(2R)-1-oxo-3-phenyl-1-{[2-(pyridin-3-yl)ethyl]amino}propan-2-yl]sulfanyl}propan-2-yl]carbamate
6UNL,6UNL,2.55,C34 H32 Fe N4 O4,616.487,HEM,PROTOPORPHYRIN IX CONTAINING FE
,,,C37 H39 N3 O3 S,605.789,QDJ,tert-butyl [(2R)-1-(naphthalen-1-yl)-3-{[(2S)-3-(naphthalen-1-yl)-1-oxo-1-{[(pyridin-3-yl)methyl]amino}propan-2-yl]sulfanyl}propan-2-yl]carbamate
6UNK,6UNK,2.75,C34 H32 Fe N4 O4,616.487,HEM,PROTOPORPHYRIN IX CONTAINING FE
,,,C34 H39 N3 O3 S,569.757,QE4,tert-butyl [(2S)-1-(naphthalen-1-yl)-3-{[(2R)-1-oxo-3-phenyl-1-{[2-(pyridin-3-yl)ethyl]amino}propan-2-yl]sulfanyl}propan-2-yl]carbamate
6UNM,6UNM,2.83,C34 H32 Fe N4 O4,616.487,HEM,PROTOPORPHYRIN IX CONTAINING FE
,,,C38 H39 N3 O3 S,617.8,QDP,tert-butyl [(2S)-1-(naphthalen-1-yl)-3-{[(2S)-3-(naphthalen-1-yl)-1-oxo-1-{(E)-[2-(pyridin-3-yl)ethylidene]amino}propan-2-yl]sulfanyl}propan-2-yl]carbamate
6UNE,6UNE,2.55,C34 H32 Fe N4 O4,616.487,HEM,PROTOPORPHYRIN IX CONTAINING FE
,,,C31 H37 N5 O3 S,559.722,QES,tert-butyl [(2R)-1-(1H-indol-3-yl)-3-{[(2S)-3-oxo-2-(phenylamino)-3-{[(pyridin-3-yl)methyl]amino}propyl]sulfanyl}propan-2-yl]carbamate
3R4B,3R4B,1.9,C38 H53 N5 O7 S2,755.987,74T,"(3R,3aS,6aR)-hexahydrofuro[2,3-b]furan-3-yl
{(2S,3R)-4-[({2-[(1-cyclopentylpiperidin-4-yl)amino]-1,3-benzothiazol-6-yl}sulfonyl)(2-methylpropyl)amino]-3-hydroxy-1-p
henylbutan-2-yl}carbamate"
,,,O4 P,94.971,PO4,PHOSPHATE ION
3SLZ,3SLZ,1.4,C50 H64 N6 O10,909.077,3TL,"benzyl [(1S,4S,7S,8R,9R,10S,13S,16S)-7,10-dibenzyl-8,9-dihydroxy-1,16-dimethyl-4,13-bis(1-methylethyl)-2,5,12,15,18-pentaoxo-20-phenyl-19-oxa-3,6,11,14,17-pentaazaicos-1-yl]carbamate"
,,,C H2 O2,46.025,FMT,FORMIC ACID
,,,Na,22.99,NA,SODIUM ION
3SM1,3SM1,1.5,C H2 O2,46.025,FMT,FORMIC ACID
4YE3,4YE3,1.35,Y,88.906,Y1,YTTRIUM ION
,,,Cl,35.453,CL,CHLORIDE ION
,,,C3 H8 O3,92.094,GOL,GLYCEROL
,,,C29 H40 N2 O9 S,592.701,G04,"(3R,3aS,4R,6aR)-4-methoxyhexahydrofuro[2,3-b]furan-3-yl [(2S,3R)-3-hydroxy-4-{[(4-methoxyphenyl)sulfonyl](2-methylpropyl)amino}-1-phenylbutan-2-yl]carbamate"
4YHQ,4YHQ,1.3,C27 H35 F2 N3 O7 S,583.645,G10,"(3R,3aS,6aS)-4,4-difluorohexahydrofuro[2,3-b]furan-3-yl [(2S,3R)-4-{[(4-aminophenyl)sulfonyl](2-methylpropyl)amino}-3-hydroxy-1-phenylbutan-2-yl]carbamate"
,,,Y,88.906,Y1,YTTRIUM ION
,,,Cl,35.453,CL,CHLORIDE ION
,,,Na,22.99,NA,SODIUM ION
,,,C3 H8 O3,92.094,GOL,GLYCEROL
6DA2,6DA2,2.65,C34 H32 Fe N4 O4,616.487,HEM,PROTOPORPHYRIN IX CONTAINING FE
,,,C3 H8 O3,92.094,GOL,GLYCEROL
,,,C29 H35 N3 O3 S,505.672,G0D,tert-butyl [(2R)-1-{[(2R)-1-oxo-3-phenyl-1-{[(pyridin-3-yl)methyl]amino}propan-2-yl]sulfanyl}-3-phenylpropan-2-yl]carbamate
6DAL,6DAL,2.65,C34 H32 Fe N4 O4,616.487,HEM,PROTOPORPHYRIN IX CONTAINING FE
,,,C3 H8 O3,92.094,GOL,GLYCEROL
,,,C30 H38 N4 O3,502.648,G1D,Nalpha-{(2S)-2-[(tert-butoxycarbonyl)amino]-3-phenylpropyl}-N-[2-(pyridin-3-yl)ethyl]-D-phenylalaninamide
6DAJ,6DAJ,2.45,C34 H32 Fe N4 O4,616.487,HEM,PROTOPORPHYRIN IX CONTAINING FE
,,,C30 H37 N3 O3 S,519.698,FZV,tert-butyl [(2S)-1-{[(2R)-1-oxo-3-phenyl-1-{[2-(pyridin-3-yl)ethyl]amino}propan-2-yl]sulfanyl}-3-phenylpropan-2-yl]carbamate
,,,C3 H8 O3,92.094,GOL,GLYCEROL
,,,C5 H10 N2 O3,146.144,GLN,GLUTAMINE
6DAB,6DAB,2.35,C34 H32 Fe N4 O4,616.487,HEM,PROTOPORPHYRIN IX CONTAINING FE
,,,C3 H8 O3,92.094,GOL,GLYCEROL
,,,C30 H37 N3 O3 S,519.698,G0V,tert-butyl [(2R)-1-{[(2R)-1-oxo-3-phenyl-1-{[2-(pyridin-3-yl)ethyl]amino}propan-2-yl]sulfanyl}-3-phenylpropan-2-yl]carbamate
4DFG,4DFG,1.23,Na,22.99,NA,SODIUM ION
,,,Cl,35.453,CL,CHLORIDE ION
,,,C31 H43 N3 O9 S,633.753,0JV,"methyl N-[(3S,3aR,5R,6aR)-5-[[(2S,3R)-4-[(4-methoxyphenyl)sulfonyl-(2-methylpropyl)amino]-3-oxidanyl-1-phenyl-butan-2-yl]carbamoyloxy]-3,3a,4,5,6,6a-hexahydro-2H-cyclopenta[b]furan-3-yl]carbamate"
1NPW,1NPW,2,C36 H39 N3 O7,625.711,LGZ,"CARBAMIC ACID 1-{5-BENZYL-5-[2-HYDROXY-4-PHENYL-3-(TETRAHYDRO-FURAN-
3-YLOXYCARBONYLAMINO)-BUTYL]-4-OXO-4,5-DIHYDRO-1H-PYRROL-3-YL}- INDAN-2-YL ESTER"
1NPV,1NPV,2,C35 H37 N3 O6,595.685,L27,"{1-BENZYL-3-[2-BENZYL-3-OXO-4-(1-OXO-1,2,3,4-TETRAHYDRO- ISOQUINOLIN-4-YL)-2,3-DIHYDRO-1H-PYRROL-2-YL]-2-
HYDROXY-PROPYL}-CARBAMIC ACID TETRAHYDRO-FURAN-3-YL ESTER"
4YOB,4YOB,1.504,,,,
4FE6,4FE6,2,C32 H42 N4 O8 S,642.763,0TQ,"(3R,3aS,6aR)-hexahydrofuro[2,3-b]furan-3-yl {(2S,3R)-3-hydroxy-4-[({(3Z)-3-[1-(methylamino)ethylidene]-2-oxo-2,3-dihydro-1H-indol-5-yl}sulfonyl)(2-methylpropyl)amino]-1-phenylbutan-2-yl}carbamate"
2QHZ,2QHZ,1.85,O4 P,94.971,PO4,PHOSPHATE ION
,,,C26 H24 F6 N2 O4 S2,606.6,MZ2,"(2E)-N-[(1S,2R)-1-BENZYL-2-HYDROXY-3-{(2-THIENYLMETHYL)[(2,4,5-TRIFLUOROPHENYL)SULFONYL]AMINO}PROPYL]-4,4,4-TRIFLUORO-3-METHYLBUT-2-ENAMIDE"
2QHY,2QHY,1.85,O4 P,94.971,PO4,PHOSPHATE ION
,,,C2 H3 O2,59.044,ACT,ACETATE ION
,,,C26 H28 F3 N3 O5 S2,583.643,MZ1,"N~2~-ACETYL-N-[(1S,2R)-1-BENZYL-2-HYDROXY-3-{(2-THIENYLMETHYL)[(2,4,5-TRIFLUOROPHENYL)SULFONYL]AMINO}PROPYL]-L-ALANINAMIDE"
2QI1,2QI1,2,O4 P,94.971,PO4,PHOSPHATE ION
,,,C29 H30 N2 O7 S2,582.688,MZ4,"N-[(1S,2R)-1-BENZYL-2-HYDROXY-3-{[(3-METHOXYPHENYL)SULFONYL](2-THIENYLMETHYL)AMINO}PROPYL]-3,4-DIHYDROXYBENZAMIDE"
2QI0,2QI0,2.1,O4 P,94.971,PO4,PHOSPHATE ION
,,,C30 H31 F N2 O5 S2,582.706,MZ3,"N-[(1S,2R)-1-BENZYL-2-HYDROXY-3-{[(3-METHOXYPHENYL)SULFONYL](2-THIENYLMETHYL)AMINO}PROPYL]-3-FLUORO-2-METHYLBENZAMIDE"
2QI7,2QI7,1.85,O4 P,94.971,PO4,PHOSPHATE ION
,,,C2 H3 O2,59.044,ACT,ACETATE ION
,,,C28 H40 N2 O6 S,532.692,MZ9,"N-[(1S,2R)-1-BENZYL-2-HYDROXY-3-{[(4-METHOXYPHENYL)SULFONYL][(2S)-2-METHYLBUTYL]AMINO}PROPYL]-4-OXOHEXANAMIDE"
2QI6,2QI6,1.85,O4 P,94.971,PO4,PHOSPHATE ION
,,,C28 H31 N3 O5 S2,553.693,MZ8,"N-{(1S,2R)-3-[(1,3-BENZOTHIAZOL-6-YLSULFONYL)(ISOBUTYL)AMINO]-1-BENZYL-2-HYDROXYPROPYL}-3-HYDROXYBENZAMIDE"
2QI5,2QI5,1.85,O4 P,94.971,PO4,PHOSPHATE ION
,,,C29 H40 N4 O5 S2,588.782,MZ7,"N~2~-ACETYL-N-{(1S,2R)-3-[(1,3-BENZOTHIAZOL-6-YLSULFONYL)(PENTYL)AMINO]-1-BENZYL-2-HYDROXYPROPYL}-L-VALINAMIDE"
2QI4,2QI4,1.8,O4 P,94.971,PO4,PHOSPHATE ION
,,,C29 H33 N3 O5 S2,567.719,MZ6,"N-[(1S,2R)-3-{(1,3-BENZOTHIAZOL-6-YLSULFONYL)[(2S)-2-METHYLBUTYL]AMINO}-1-BENZYL-2-HYDROXYPROPYL]-3-HYDROXYBENZAMIDE"
,,,C2 H3 O2,59.044,ACT,ACETATE ION
2QI3,2QI3,1.95,O4 P,94.971,PO4,PHOSPHATE ION
,,,C27 H37 N3 O5 S2,547.73,MZ5,"(2S)-N-[(1S,2R)-3-{(1,3-BENZOTHIAZOL-6-YLSULFONYL)[(2S)-2-METHYLBUTYL]AMINO}-1-BENZYL-2-HYDROXYPROPYL]-2-HYDROXY-3-METHYLBUTANAMIDE"
3UF3,3UF3,1.63,Y,88.906,Y1,YTTRIUM ION
,,,C3 H8 O3,92.094,GOL,GLYCEROL
2FGV,2FGV,1.5,O4 P,94.971,PO4,PHOSPHATE ION
,,,C10 H7 N O2,173.168,QNC,quinoline-2-carboxylic acid
,,,C4 H8 N2 O3,132.118,ASN,ASPARAGINE
,,,C9 H13 N O2,167.205,HPH,"(2S)-2-amino-3-phenylpropane-1,1-diol"
,,,C11 H19 N O2,197.274,DIQ,2-METHYL-DECAHYDRO-ISOQUINOLINE-3-CARBOXYLIC ACID
,,,C4 H11 N,73.137,NTB,TERTIARY-BUTYLAMINE
2FGU,2FGU,2,O4 P,94.971,PO4,PHOSPHATE ION
,,,C10 H7 N O2,173.168,QNC,quinoline-2-carboxylic acid
,,,C4 H8 N2 O3,132.118,ASN,ASPARAGINE
,,,C9 H13 N O2,167.205,HPH,"(2S)-2-amino-3-phenylpropane-1,1-diol"
,,,C11 H19 N O2,197.274,DIQ,2-METHYL-DECAHYDRO-ISOQUINOLINE-3-CARBOXYLIC ACID
,,,C4 H11 N,73.137,NTB,TERTIARY-BUTYLAMINE
2QD7,2QD7,1.11,O4 P,94.971,PO4,PHOSPHATE ION
,,,C2 H6 O S,78.133,DMS,DIMETHYL SULFOXIDE
,,,C3 H8 O3,92.094,GOL,GLYCEROL
,,,C28 H36 N2 O9 S,576.658,65,"(3R,3AS,6AR)-HEXAHYDROFURO[2,3-B]FURAN-3-YL(2S,3R)-3-HYDROXY-4-(N-ISOBUTYLBENZO[D][1,3]DIOXOLE-5-SULFONAMIDO)-1-PHENYLBUTAN-2-YLCARBAMATE"
4D7D,4D7D,2.76,C34 H32 Fe N4 O4,616.487,HEM,PROTOPORPHYRIN IX CONTAINING FE
,,,C25 H32 N4 O3 S,468.612,PKT,tert-butyl [(2S)-1-(1H-indol-3-yl)-3-({3-oxo-3-[(pyridin-3-ylmethyl)amino]propyl}sulfanyl)propan-2-yl]carbamate
4D75,4D75,2.25,C17 H27 N3 O3,321.415,PK9,tert-butyl {6-oxo-6-[(pyridin-3-ylmethyl)amino]hexyl}carbamate
,,,C34 H32 Fe N4 O4,616.487,HEM,PROTOPORPHYRIN IX CONTAINING FE
2A4F,2A4F,1.9,C36 H39 N3 O8,641.71,AAU,"(5R,6R)-5-BENZYL-6-HYDROXY-2,4-BIS(4-HYDROXY-3-METHOXYBENZYL)-1-[3-(4-HYDROXYPHENYL)PROPANOYL]-1,2,4-TRIAZEPAN-3-ONE"
2HB3,2HB3,1.35,Cl,35.453,CL,CHLORIDE ION
,,,Na,22.99,NA,SODIUM ION
,,,C29 H40 N2 O7 S,560.702,GRL,"(3AS,5R,6AR)-HEXAHYDRO-2H-CYCLOPENTA[B]FURAN-5-YL (2S,3S)-3-HYDROXY-4-(4-(HYDROXYMETHYL)-N-ISOBUTYLPHENYLSULFONAMIDO)-1-PHENYLBUTAN-2-YLCARBAMATE"
,,,C3 H8 O3,92.094,GOL,GLYCEROL
4RVI,4RVI,1.99,C30 H40 N2 O9 S,604.712,G52,"(3R,3aS,3bR,6aS,7aS)-octahydrodifuro[2,3-b:3',2'-d]furan-3-yl [(1S,2R)-1-benzyl-2-hydroxy-3-{[(4-methoxyphenyl)sulfonyl](2-methylpropyl)amino}propyl]carbamate"
4RVX,4RVX,1.955,C31 H39 N3 O6 S,581.723,79G,"(4S)-4-amino-N-[(2S,3S)-3-hydroxy-4-{[(4-methoxyphenyl)sulfonyl](2-methylpropyl)amino}-1-phenylbutan-2-yl]-3,4-dihydro-2H-chromene-6-carboxamide"
6PU8,6PU8,1.8,C27 H37 N3 O8 S,563.663,P3V,"(3R,3aS,6aR)-hexahydrofuro[2,3-b]furan-3-yl [(2S)-4-{[(4-aminophenyl)sulfonyl](2-methylpropyl)amino}-3,3-dihydroxy-1-phenylbutan-2-yl]carbamate"
3OK9,3OK9,1.27,C30 H40 N2 O9 S,604.712,G52,"(3R,3aS,3bR,6aS,7aS)-octahydrodifuro[2,3-b:3',2'-d]furan-3-yl [(1S,2R)-1-benzyl-2-hydroxy-3-{[(4-methoxyphenyl)sulfonyl](2-methylpropyl)amino}propyl]carbamate"
,,,Na,22.99,NA,SODIUM ION
,,,Cl,35.453,CL,CHLORIDE ION
,,,C3 H8 O3,92.094,GOL,GLYCEROL
6BD8,6BD8,2.38,C34 H32 Fe N4 O4,616.487,HEM,PROTOPORPHYRIN IX CONTAINING FE
,,,C29 H42 N4 O2 S,510.734,D81,S-{(2S)-2-[(1-tert-butoxyethenyl)amino]-3-phenylpropyl}-N~2~-cyclopentyl-N-[(pyridin-3-yl)methyl]-L-cysteinamide
6BD7,6BD7,2.42,C34 H32 Fe N4 O4,616.487,HEM,PROTOPORPHYRIN IX CONTAINING FE
,,,C26 H38 N4 O3 S,486.67,D7J,tert-butyl [(2S)-1-{[(2R)-3-oxo-2-[(propan-2-yl)amino]-3-{[(pyridin-3-yl)methyl]amino}propyl]sulfanyl}-3-phenylpropan-2-yl]carbamate
6BDI,6BDI,2.57,C34 H32 Fe N4 O4,616.487,HEM,PROTOPORPHYRIN IX CONTAINING FE
,,,C28 H39 N5 O3 S,525.706,DEJ,tert-butyl [(2S)-1-(1H-indol-3-yl)-3-{[(2R)-3-oxo-2-[(propan-2-yl)amino]-3-{[(pyridin-3-yl)methyl]amino}propyl]sulfanyl}propan-2-yl]carbamate
6BDH,6BDH,2.25,C34 H32 Fe N4 O4,616.487,HEM,PROTOPORPHYRIN IX CONTAINING FE
,,,C29 H36 N4 O3 S,520.686,DEV,tert-butyl [(2S)-1-{[(2S)-3-oxo-2-(phenylamino)-3-{[(pyridin-3-yl)methyl]amino}propyl]sulfanyl}-3-phenylpropan-2-yl]carbamate
6BDM,6BDM,2.6,C34 H32 Fe N4 O4,616.487,HEM,PROTOPORPHYRIN IX CONTAINING FE
,,,C31 H37 N5 O3 S,559.722,Y83,tert-butyl [(2S)-1-(1H-indol-3-yl)-3-{[(2S)-3-oxo-2-(phenylamino)-3-{[(pyridin-3-yl)methyl]amino}propyl]sulfanyl}propan-2-yl]carbamate
6O54,6O54,1.21,Cl,35.453,CL,CHLORIDE ION
6D0E,6D0E,1.95,C29 H38 F2 N2 O8 S,612.682,FQ1,"(3aS,4S,7aR)-hexahydro-4H-furo[2,3-b]pyran-4-yl [(2S,3R)-1-(3,5-difluorophenyl)-3-hydroxy-4-{[(4-methoxyphenyl)sulfonyl](2-methylpropyl)amino}butan-2-yl]carbamate"
6D0D,6D0D,1.85,C29 H39 F N2 O8 S,594.692,FQ4,"(3aS,4S,7aR)-hexahydro-4H-furo[2,3-b]pyran-4-yl [(2S,3R)-1-(4-fluorophenyl)-3-hydroxy-4-{[(4-methoxyphenyl)sulfonyl](2-methylpropyl)amino}butan-2-yl]carbamate"
2NO6,2NO6,1.9,C10 H15 N5 O10 P2,427.201,ADP,ADENOSINE-5'-DIPHOSPHATE
,,,C8 H10 F N3 O3 S,247.247,ETV,"4-AMINO-5-FLUORO-1-[(2R,5S)-2-(HYDROXYMETHYL)-1,3-OXATHIOLAN-5-YL]PYRIMIDIN-2(1H)-ONE"
5ULT,5ULT,1.53,Na,22.99,NA,SODIUM ION
,,,Cl,35.453,CL,CHLORIDE ION
,,,C30 H40 N2 O8 S,588.712,8FM,"(3S,3aR,5R,7aS,8S)-hexahydro-4H-3,5-methanofuro[2,3-b]pyran-8-yl [(2S,3R)-3-hydroxy-4-{[(4-methoxyphenyl)sulfonyl](2-methylpropyl)amino}-1-phenylbutan-2-yl]carbamate"
6O57,6O57,1.71,C H2 O2,46.025,FMT,FORMIC ACID
,,,C35 H68 N11 O8,770.983,2NC,N-{(2S)-2-[(N-acetyl-L-threonyl-L-isoleucyl)amino]hexyl}-L-norleucyl-L-glutaminyl-N~5~-[amino(iminio)methyl]-L-ornithinamide
6O5X,6O5X,1.7,Cl,35.453,CL,CHLORIDE ION
,,,C40 H70 N11 O8,833.053,0Q4,N-[(2R)-2-({N~5~-[amino(iminio)methyl]-L-ornithyl-L-valyl}amino)-4-methylpentyl]-L-phenylalanyl-L-alpha-glutamyl-L-alanyl-L-norleucinamide
,,,Na,22.99,NA,SODIUM ION
2AVQ,2AVQ,1.3,C2 H6 O S,78.133,DMS,DIMETHYL SULFOXIDE
,,,C3 H8 O3,92.094,GOL,GLYCEROL
,,,C35 H68 N11 O8,770.983,2NC,N-{(2S)-2-[(N-acetyl-L-threonyl-L-isoleucyl)amino]hexyl}-L-norleucyl-L-glutaminyl-N~5~-[amino(iminio)methyl]-L-ornithinamide
4D78,4D78,2.8,C34 H32 Fe N4 O4,616.487,HEM,PROTOPORPHYRIN IX CONTAINING FE
,,,C23 H31 N3 O3 S,429.576,J9K,tert-butyl [(2S)-1-({3-oxo-3-[(pyridin-3-ylmethyl)amino]propyl}sulfanyl)-3-phenylpropan-2-yl]carbamate
,,,C3 H8 O3,92.094,GOL,GLYCEROL
4D6Z,4D6Z,1.93,C34 H32 Fe N4 O4,616.487,HEM,PROTOPORPHYRIN IX CONTAINING FE
,,,C17 H27 N3 O3,321.415,PK9,tert-butyl {6-oxo-6-[(pyridin-3-ylmethyl)amino]hexyl}carbamate
,,,C3 H5 N2,69.085,IMD,IMIDAZOLE
,,,C3 H8 O3,92.094,GOL,GLYCEROL
6C8X,6C8X,1.613,C27 H36 B N2 O9 S,575.459,BVR,"[4-[[(2~{R},3~{S})-3-[[(3~{a}~{S},4~{R},6~{a}~{R})-2,3,3~{a},4,5,6~{a}-hexahydrofuro[2,3-b]furan-4-yl]oxycarbonylamino]-2-oxidanyl-4-phenyl-butyl]-(2-methylpropyl)sulfamoyl]phenyl]-oxidanyl-oxidanylidene-boron"
,,,Cl,35.453,CL,CHLORIDE ION
,,,C3 H8 O3,92.094,GOL,GLYCEROL
6C8Y,6C8Y,1.942,Cl,35.453,CL,CHLORIDE ION
,,,C27 H36 B N2 O9 S,575.459,BVR,"[4-[[(2~{R},3~{S})-3-[[(3~{a}~{S},4~{R},6~{a}~{R})-2,3,3~{a},4,5,6~{a}-hexahydrofuro[2,3-b]furan-4-yl]oxycarbonylamino]-2-oxidanyl-4-phenyl-butyl]-(2-methylpropyl)sulfamoyl]phenyl]-oxidanyl-oxidanylidene-boron"
,,,C3 H8 O3,92.094,GOL,GLYCEROL
1HSI,1HSI,2.5,,,,
2AVM,2AVM,1.1,C3 H8 O3,92.094,GOL,GLYCEROL
,,,C35 H68 N11 O8,770.983,2NC,N-{(2S)-2-[(N-acetyl-L-threonyl-L-isoleucyl)amino]hexyl}-L-norleucyl-L-glutaminyl-N~5~-[amino(iminio)methyl]-L-ornithinamide
,,,C2 H4 O2,60.052,ACY,ACETIC ACID
1NPA,1NPA,2,C36 H43 N3 O7,629.743,3NH,"(3S)-TETRAHYDROFURAN-3-YL (1R,2S)-3-[4-((1R)-2-{[(S)-AMINO(HYDROXY)METHYL]OXY}-2,3-DIHYDRO-1H-INDEN-1-YL)-2-BENZYL-3-OXOPYRROLIDIN-2-YL]-1-BENZYL-2-HYDROXYPROPYLCARBAMATE"
3DK1,3DK1,1.07,Na,22.99,NA,SODIUM ION
,,,Cl,35.453,CL,CHLORIDE ION
,,,C29 H40 N2 O8 S,576.701,G05,"(4aR,6r,7aS)-hexahydro-4aH-cyclopenta[b][1,4]dioxin-6-yl [(1S,2R)-1-benzyl-2-hydroxy-3-{[(4-methoxyphenyl)sulfonyl](2-methylpropyl)amino}propyl]carbamate"
1FQX,1FQX,3.1,C38 H49 N5 O8,703.824,0ZT,"N-{(2S,3S)-3-[(tert-butoxycarbonyl)amino]-2-hydroxy-4-phenylbutyl}-L-phenylalanyl-L-alpha-glutamyl-L-phenylalaninamide"
3TH9,3TH9,1.34,C25 H33 F N2 O5 S,492.603,9Y9,"tert-butyl {(2S,3R)-4-[(4S)-7-fluoro-4-methyl-1,1-dioxido-4,5-dihydro-1,2-benzothiazepin-2(3H)-yl]-3-hydroxy-1-phenylbutan-2-yl}carbamate"
6OGL,6OGL,1.21,C3 H8 O3,92.094,GOL,GLYCEROL
,,,C2 H6 O2,62.068,EDO,"1,2-ETHANEDIOL"
,,,C33 H41 F N4 O7 S2,688.83,JDV,"(3S,3aR,5R,7aS,8S)-hexahydro-4H-3,5-methanofuro[2,3-b]pyran-8-yl [(2S,3R)-4-[{[2-(cyclopropylamino)-1,3-benzothiazol-6-yl]sulfonyl}(2-methylpropyl)amino]-1-(4-fluorophenyl)-3-hydroxybutan-2-yl]carbamate"
6OGQ,6OGQ,1.41,C3 H8 O3,92.094,GOL,GLYCEROL
,,,C4 H10 O3,106.12,PEG,DI(HYDROXYETHYL)ETHER
,,,C33 H41 F N4 O7 S2,688.83,JDV,"(3S,3aR,5R,7aS,8S)-hexahydro-4H-3,5-methanofuro[2,3-b]pyran-8-yl [(2S,3R)-4-[{[2-(cyclopropylamino)-1,3-benzothiazol-6-yl]sulfonyl}(2-methylpropyl)amino]-1-(4-fluorophenyl)-3-hydroxybutan-2-yl]carbamate"
,,,O4 S,96.063,SO4,SULFATE ION
6OGS,6OGS,1.27,C4 H10 O3,106.12,PEG,DI(HYDROXYETHYL)ETHER
,,,C3 H8 O3,92.094,GOL,GLYCEROL
,,,C33 H41 F N4 O7 S2,688.83,JDY,"(3S,3aR,5R,7aS,8S)-hexahydro-4H-3,5-methanofuro[2,3-b]pyran-8-yl [(2S,3R)-4-[{[2-(cyclopropylamino)-1,3-benzothiazol-6-yl]sulfonyl}(2-methylpropyl)amino]-1-(3-fluorophenyl)-3-hydroxybutan-2-yl]carbamate"
,,,O4 S,96.063,SO4,SULFATE ION
6OGT,6OGT,1.21,C3 H8 O3,92.094,GOL,GLYCEROL
,,,C33 H41 F N4 O7 S2,688.83,JDY,"(3S,3aR,5R,7aS,8S)-hexahydro-4H-3,5-methanofuro[2,3-b]pyran-8-yl [(2S,3R)-4-[{[2-(cyclopropylamino)-1,3-benzothiazol-6-yl]sulfonyl}(2-methylpropyl)amino]-1-(3-fluorophenyl)-3-hydroxybutan-2-yl]carbamate"
,,,C2 H6 O2,62.068,EDO,"1,2-ETHANEDIOL"
6OGV,6OGV,1.57,,,,
6OGP,6OGP,1.53,C2 H6 O2,62.068,EDO,"1,2-ETHANEDIOL"
,,,C33 H42 F2 N4 O8 S,692.77,MJD,"(3S,3aR,5R,7aS,8S)-hexahydro-4H-3,5-methanofuro[2,3-b]pyran-8-yl {(2S,3R)-1-(3,5-difluorophenyl)-3-hydroxy-4-[(2-methylpropyl)({2-[(propan-2-yl)amino]-1,3-benzoxazol-6-yl}sulfonyl)amino]butan-2-yl}carbamate"
6OGR,6OGR,1.28,C33 H40 F2 N4 O7 S2,706.82,7OA,"(3S,3aR,5R,7aS,8S)-hexahydro-4H-3,5-methanofuro[2,3-b]pyran-8-yl [(2S,3R)-4-[{[2-(cyclopropylamino)-1,3-benzothiazol-6-yl]sulfonyl}(2-methylpropyl)amino]-1-(3,5-difluorophenyl)-3-hydroxybutan-2-yl]carbamate"
,,,C2 H6 O2,62.068,EDO,"1,2-ETHANEDIOL"
6PTP,6PTP,"1.85, 2.2",C36 H68 N10 O10,800.986,KVS,"N~2~-[(2R,5S)-5-({(2S,3S)-2-[(N-acetyl-L-threonyl)amino]-3-methylpent-4-enoyl}amino)-2-butyl-4,4-dihydroxynonanoyl]-L-glutaminyl-L-argininamide"
5TYS,5TYS,2.007,C33 H40 F2 N4 O7 S2,706.82,7OA,"(3S,3aR,5R,7aS,8S)-hexahydro-4H-3,5-methanofuro[2,3-b]pyran-8-yl [(2S,3R)-4-[{[2-(cyclopropylamino)-1,3-benzothiazol-6-yl]sulfonyl}(2-methylpropyl)amino]-1-(3,5-difluorophenyl)-3-hydroxybutan-2-yl]carbamate"
5TYR,5TYR,1.8,C33 H42 N4 O7 S2,670.839,7O7,"(3S,3aR,5R,7aS,8S)-hexahydro-4H-3,5-methanofuro[2,3-b]pyran-8-yl {(2S,3R)-4-[{[2-(cyclopropylamino)-1,3-benzothiazol-6-yl]sulfonyl}(2-methylpropyl)amino]-3-hydroxy-1-phenylbutan-2-yl}carbamate"
6PRF,6PRF,1.21,Y,88.906,Y1,YTTRIUM ION
,,,C33 H40 F2 N4 O7 S2,706.82,7OA,"(3S,3aR,5R,7aS,8S)-hexahydro-4H-3,5-methanofuro[2,3-b]pyran-8-yl [(2S,3R)-4-[{[2-(cyclopropylamino)-1,3-benzothiazol-6-yl]sulfonyl}(2-methylpropyl)amino]-1-(3,5-difluorophenyl)-3-hydroxybutan-2-yl]carbamate"
5BRY,5BRY,1.34,Na,22.99,NA,SODIUM ION
,,,Cl,35.453,CL,CHLORIDE ION
,,,C29 H41 N3 O8 S,591.716,4UY,"(3R,3aS,4R,6aR)-4-(methylamino)hexahydrofuro[2,3-b]furan-3-yl [(2S,3R)-3-hydroxy-4-{[(4-methoxyphenyl)sulfonyl](2-methylpropyl)amino}-1-phenylbutan-2-yl]carbamate"
5BS4,5BS4,1.29,C28 H40 N4 O7 S,576.705,4UX,"(3R,3aS,4R,6aR)-4-(methylamino)hexahydrofuro[2,3-b]furan-3-yl [(2S,3R)-4-{[(4-aminophenyl)sulfonyl](2-methylpropyl)amino}-3-hydroxy-1-phenylbutan-2-yl]carbamate"
,,,Na,22.99,NA,SODIUM ION
,,,Cl,35.453,CL,CHLORIDE ION
,,,C2 H3 O2,59.044,ACT,ACETATE ION
5JFP,5JFP,1.49,Na,22.99,NA,SODIUM ION
,,,Cl,35.453,CL,CHLORIDE ION
,,,C32 H48 N2 O8 S,620.797,6KK,"(3R,3aS,6aR)-hexahydrofuro[2,3-b]furan-3-yl {(2S,3R)-3-hydroxy-4-{[(4-methoxyphenyl)sulfonyl](2-methylpropyl)amino}-1-[(3R,5R,7R)-tricyclo[3.3.1.1~3,7~]decan-1-yl]butan-2-yl}carbamate"
5JFU,5JFU,1.7,Cl,35.453,CL,CHLORIDE ION
,,,C35 H46 N2 O8 S,654.813,6KQ,"(3R,3aS,6aR)-hexahydrofuro[2,3-b]furan-3-yl {(2S,3R)-4-{benzyl[(4-methoxyphenyl)sulfonyl]amino}-3-hydroxy-1-[(3R,5R,7R)-tricyclo[3.3.1.1~3,7~]decan-1-yl]butan-2-yl}carbamate"
6OYR,6OYR,1.54,C33 H43 F N4 O8 S,674.78,NJY,"(3S,3aR,5R,7aS,8S)-hexahydro-4H-3,5-methanofuro[2,3-b]pyran-8-yl {(2S,3R)-1-(3-fluorophenyl)-3-hydroxy-4-[(2-methylpropyl)({2-[(propan-2-yl)amino]-1,3-benzoxazol-6-yl}sulfonyl)amino]butan-2-yl}carbamate"
6OYD,6OYD,1.46,C33 H43 F N4 O8 S,674.78,NKA,"(3S,3aR,5R,7aS,8S)-hexahydro-4H-3,5-methanofuro[2,3-b]pyran-8-yl {(2S,3R)-1-(4-fluorophenyl)-3-hydroxy-4-[(2-methylpropyl)({2-[(propan-2-yl)amino]-1,3-benzoxazol-6-yl}sulfonyl)amino]butan-2-yl}carbamate"
6KMP,6KMP,1.31,C36 H68 N10 O10,800.986,KVS,"N~2~-[(2R,5S)-5-({(2S,3S)-2-[(N-acetyl-L-threonyl)amino]-3-methylpent-4-enoyl}amino)-2-butyl-4,4-dihydroxynonanoyl]-L-glutaminyl-L-argininamide"
6MCS,6MCS,1.52,C33 H41 F N4 O7 S2,688.83,JDV,"(3S,3aR,5R,7aS,8S)-hexahydro-4H-3,5-methanofuro[2,3-b]pyran-8-yl [(2S,3R)-4-[{[2-(cyclopropylamino)-1,3-benzothiazol-6-yl]sulfonyl}(2-methylpropyl)amino]-1-(4-fluorophenyl)-3-hydroxybutan-2-yl]carbamate"
6MCR,6MCR,1.48,C2 H6 O2,62.068,EDO,"1,2-ETHANEDIOL"
,,,C33 H41 F N4 O7 S2,688.83,JDY,"(3S,3aR,5R,7aS,8S)-hexahydro-4H-3,5-methanofuro[2,3-b]pyran-8-yl [(2S,3R)-4-[{[2-(cyclopropylamino)-1,3-benzothiazol-6-yl]sulfonyl}(2-methylpropyl)amino]-1-(3-fluorophenyl)-3-hydroxybutan-2-yl]carbamate"
6O5A,6O5A,1.67,C35 H68 N11 O8,770.983,2NC,N-{(2S)-2-[(N-acetyl-L-threonyl-L-isoleucyl)amino]hexyl}-L-norleucyl-L-glutaminyl-N~5~-[amino(iminio)methyl]-L-ornithinamide
,,,C3 H8 O3,92.094,GOL,GLYCEROL
4U8W,4U8W,1.3,C27 H35 F2 N3 O7 S,583.645,G10,"(3R,3aS,6aS)-4,4-difluorohexahydrofuro[2,3-b]furan-3-yl [(2S,3R)-4-{[(4-aminophenyl)sulfonyl](2-methylpropyl)amino}-3-hydroxy-1-phenylbutan-2-yl]carbamate"
,,,Na,22.99,NA,SODIUM ION
,,,Cl,35.453,CL,CHLORIDE ION
,,,C2 H3 O2,59.044,ACT,ACETATE ION
6E7J,6E7J,1.3,C34 H41 N3 O8 S,651.77,HWY,"(3aS,5R,6aR)-2-oxo-3-phenylhexahydro-2H-cyclopenta[d][1,3]oxazol-5-yl [(2S,3R)-3-hydroxy-4-{[(4-methoxyphenyl)sulfonyl](2-methylpropyl)amino}-1-phenylbutan-2-yl]carbamate"
,,,Na,22.99,NA,SODIUM ION
,,,Cl,35.453,CL,CHLORIDE ION
3I7E,3I7E,1.7,C28 H38 N2 O8 S,562.675,DJR,"(3R,3AS,6AR)-HEXAHYDROFURO[2,3-B]FURAN-3-YL [(1S,2R)-1-BENZYL-2-HYDROXY-3-{ISOBUTYL[(4-METHOXYPHENYL)SULFONYL]AMINO}PROPYL]CARBAMATE"
6E9A,6E9A,1.22,Na,22.99,NA,SODIUM ION
,,,Cl,35.453,CL,CHLORIDE ION
,,,C28 H37 N3 O8 S,575.674,J0S,"(3aS,5R,6aR)-2-oxohexahydro-2H-cyclopenta[d][1,3]oxazol-5-yl [(2S,3R)-3-hydroxy-4-{[(4-methoxyphenyl)sulfonyl](2-methylpropyl)amino}-1-phenylbutan-2-yl]carbamate"
,,,C H2 O2,46.025,FMT,FORMIC ACID
6O48,6O48,1.46,Na,22.99,NA,SODIUM ION
,,,Cl,35.453,CL,CHLORIDE ION
,,,C H2 O2,46.025,FMT,FORMIC ACID
,,,C40 H70 N11 O8,833.053,0Q4,N-[(2R)-2-({N~5~-[amino(iminio)methyl]-L-ornithyl-L-valyl}amino)-4-methylpentyl]-L-phenylalanyl-L-alpha-glutamyl-L-alanyl-L-norleucinamide
,,,C3 H8 O3,92.094,GOL,GLYCEROL
6OTG,6OTG,1.5,C H2 O2,46.025,FMT,FORMIC ACID
,,,C29 H41 N3 O8 S,591.716,4UY,"(3R,3aS,4R,6aR)-4-(methylamino)hexahydrofuro[2,3-b]furan-3-yl [(2S,3R)-3-hydroxy-4-{[(4-methoxyphenyl)sulfonyl](2-methylpropyl)amino}-1-phenylbutan-2-yl]carbamate"
,,,C3 H8 O3,92.094,GOL,GLYCEROL
6U7P,6U7P,1.13,C28 H39 B N2 O9 S,590.493,B4R,"{4-[{(2R,3S)-3-[({[(3aS,4S,7aR)-hexahydro-4H-furo[2,3-b]pyran-4-yl]oxy}carbonyl)amino]-2-hydroxy-4-phenylbutyl}(2-methylpropyl)sulfamoyl]phenyl}boronic acid"
,,,Na,22.99,NA,SODIUM ION
,,,Cl,35.453,CL,CHLORIDE ION
,,,C H2 O2,46.025,FMT,FORMIC ACID
,,,C3 H8 O3,92.094,GOL,GLYCEROL
6U7O,6U7O,1.33,Na,22.99,NA,SODIUM ION
,,,Cl,35.453,CL,CHLORIDE ION
,,,C H2 O2,46.025,FMT,FORMIC ACID
,,,C3 H8 O3,92.094,GOL,GLYCEROL
,,,C29 H39 B N2 O9 S,602.504,Q1D,"{4-[{(2R,3S)-3-[({[(3S,3aR,5R,7aS,8S)-hexahydro-4H-3,5-methanofuro[2,3-b]pyran-8-yl]oxy}carbonyl)amino]-2-hydroxy-4-phenylbutyl}(2-methylpropyl)sulfamoyl]phenyl}boronic acid"
5VCC,5VCC,1.7,C34 H32 Fe N4 O4,616.487,HEM,PROTOPORPHYRIN IX CONTAINING FE
,,,C3 H8 O3,92.094,GOL,GLYCEROL
,,,C2 H6 O2,62.068,EDO,"1,2-ETHANEDIOL"
5VCD,5VCD,1.95,C34 H32 Fe N4 O4,616.487,HEM,PROTOPORPHYRIN IX CONTAINING FE
,,,C3 H8 O3,92.094,GOL,GLYCEROL
5VCG,5VCG,2.2,C34 H32 Fe N4 O4,616.487,HEM,PROTOPORPHYRIN IX CONTAINING FE
,,,C32 H40 Br N5 O5,654.594,08Y,bromoergocryptine
,,,C3 H8 O3,92.094,GOL,GLYCEROL
3BVA,3BVA,1.05,C3 H8 O3,92.094,GOL,GLYCEROL
,,,C35 H68 N11 O8,770.983,2NC,N-{(2S)-2-[(N-acetyl-L-threonyl-L-isoleucyl)amino]hexyl}-L-norleucyl-L-glutaminyl-N~5~-[amino(iminio)methyl]-L-ornithinamide
5UOV,5UOV,1.33,C37 H44 N4 O6 S2,704.898,8FP,"N-[(2S,3R)-3-hydroxy-4-{[(4-methoxyphenyl)sulfonyl](2-methylpropyl)amino}-1-phenylbutan-2-yl]-3-[(2R)-2-(4-methyl-1,3-thiazol-2-yl)pyrrolidine-1-carbonyl]benzamide"
,,,Na,22.99,NA,SODIUM ION
,,,Cl,35.453,CL,CHLORIDE ION
,,,C3 H8 O3,92.094,GOL,GLYCEROL
,,,C2 H3 O2,59.044,ACT,ACETATE ION
5UPZ,5UPZ,1.27,C35 H42 N4 O7 S,662.796,8HD,"N~3~-{(2S,3R)-3-hydroxy-4-[{[4-(hydroxymethyl)phenyl]sulfonyl}(2-methylpropyl)amino]-1-phenylbutan-2-yl}-N~1~-methyl-N~1~-[(4-methyl-1,3-oxazol-2-yl)methyl]benzene-1,3-dicarboxamide"
,,,Na,22.99,NA,SODIUM ION
,,,Cl,35.453,CL,CHLORIDE ION
,,,C3 H8 O3,92.094,GOL,GLYCEROL
5JG1,5JG1,1.16,Na,22.99,NA,SODIUM ION
,,,Cl,35.453,CL,CHLORIDE ION
,,,C3 H8 O3,92.094,GOL,GLYCEROL
,,,C33 H50 N2 O8 S,634.824,6KR,"(3R,3aS,7aR)-hexahydro-4H-furo[2,3-b]pyran-3-yl {(2S,3R)-3-hydroxy-4-{[(4-methoxyphenyl)sulfonyl](2-methylpropyl)amino}-1-[(3R,5R,7R)-tricyclo[3.3.1.1~3,7~]decan-1-yl]butan-2-yl}carbamate"
3I6O,3I6O,1.17,Na,22.99,NA,SODIUM ION
,,,I,126.904,IOD,IODIDE ION
,,,C3 H8 O3,92.094,GOL,GLYCEROL
,,,C32 H42 N2 O9 S,630.749,GR6,"(3R,3aS,6aR)-hexahydrofuro[2,3-b]furan-3-yl {(1S,2R)-1-benzyl-2-hydroxy-3-[(7E)-13-methoxy-1,1-dioxido-3,4,5,6,9,10-hexahydro-2H-11,1,2-benzoxathiazacyclotridecin-2-yl]propyl}carbamate"